"Timestamp","TrafficCount"
"2020-01-20 00:00:00.000","487"
"2020-01-20 00:30:00.000","385"
"2020-01-20 01:30:00.000","269"
"2020-01-20 02:30:00.000","517"
"2020-01-20 03:30:00.000","129"
"2020-01-20 04:30:00.000","278"
"2020-01-20 05:30:00.000","435"
"2020-01-20 06:30:00.000","277"
"2020-01-20 07:30:00.000","1082"
"2020-01-20 08:30:00.000","3432"
"2020-01-20 09:30:00.000","7446"
"2020-01-20 10:30:00.000","10434"
"2020-01-20 11:30:00.000","11825"
"2020-01-20 12:30:00.000","8564"
"2020-01-20 13:30:00.000","11594"
"2020-01-20 14:30:00.000","10035"
"2020-01-20 15:30:00.000","7657"
"2020-01-20 16:30:00.000","6183"
"2020-01-20 17:30:00.000","4876"
"2020-01-20 18:30:00.000","4049"
"2020-01-20 19:30:00.000","2338"
"2020-01-20 20:30:00.000","1160"
"2020-01-20 21:30:00.000","1398"
"2020-01-20 22:30:00.000","633"
"2020-01-20 23:30:00.000","263"
"2020-01-21 00:30:00.000","261"
"2020-01-21 01:30:00.000","256"
"2020-01-21 02:30:00.000","281"
"2020-01-21 03:30:00.000","338"
"2020-01-21 04:30:00.000","263"
"2020-01-21 05:30:00.000","617"
"2020-01-21 06:30:00.000","557"
"2020-01-21 07:30:00.000","2673"
"2020-01-21 08:30:00.000","8002"
"2020-01-21 09:30:00.000","16128"
"2020-01-21 10:30:00.000","24905"
"2020-01-21 11:30:00.000","34959"
"2020-01-21 12:30:00.000","28782"
"2020-01-21 13:30:00.000","30171"
"2020-01-21 14:30:00.000","27725"
"2020-01-21 15:30:00.000","24082"
"2020-01-21 16:30:00.000","19487"
"2020-01-21 17:30:00.000","16054"
"2020-01-21 18:30:00.000","12194"
"2020-01-21 19:30:00.000","9077"
"2020-01-21 20:30:00.000","4919"
"2020-01-21 21:30:00.000","3826"
"2020-01-21 22:30:00.000","1087"
"2020-01-21 23:30:00.000","877"
"2020-01-22 00:30:00.000","381"
"2020-01-22 01:30:00.000","209"
"2020-01-22 02:30:00.000","196"
"2020-01-22 03:30:00.000","365"
"2020-01-22 04:30:00.000","300"
"2020-01-22 05:30:00.000","278"
"2020-01-22 06:30:00.000","824"
"2020-01-22 07:30:00.000","3164"
"2020-01-22 08:30:00.000","7674"
"2020-01-22 09:30:00.000","16821"
"2020-01-22 10:30:00.000","38016"
"2020-01-22 11:30:00.000","52405"
"2020-01-22 12:30:00.000","42522"
"2020-01-22 13:30:00.000","47863"
"2020-01-22 14:30:00.000","56875"
"2020-01-22 15:30:00.000","55951"
"2020-01-22 16:30:00.000","44857"
"2020-01-22 17:30:00.000","33734"
"2020-01-22 18:30:00.000","21005"
"2020-01-22 19:30:00.000","13542"
"2020-01-22 20:30:00.000","8156"
"2020-01-22 21:30:00.000","5830"
"2020-01-22 22:30:00.000","1108"
"2020-01-22 23:30:00.000","465"
"2020-01-23 00:30:00.000","700"
"2020-01-23 01:30:00.000","657"
"2020-01-23 02:30:00.000","291"
"2020-01-23 03:30:00.000","271"
"2020-01-23 04:30:00.000","137"
"2020-01-23 05:30:00.000","705"
"2020-01-23 06:30:00.000","711"
"2020-01-23 07:30:00.000","4540"
"2020-01-23 08:30:00.000","12331"
"2020-01-23 09:30:00.000","27280"
"2020-01-23 10:30:00.000","42804"
"2020-01-23 11:30:00.000","70022"
"2020-01-23 12:30:00.000","36496"
"2020-01-23 13:30:00.000","40285"
"2020-01-23 14:30:00.000","53660"
"2020-01-23 15:30:00.000","38065"
"2020-01-23 16:30:00.000","27922"
"2020-01-23 17:30:00.000","20750"
"2020-01-23 18:30:00.000","18226"
"2020-01-23 19:30:00.000","15738"
"2020-01-23 20:30:00.000","10311"
"2020-01-23 21:30:00.000","4085"
"2020-01-23 22:30:00.000","2290"
"2020-01-23 23:30:00.000","1650"
"2020-01-24 00:30:00.000","1452"
"2020-01-24 01:30:00.000","1550"
"2020-01-24 02:30:00.000","614"
"2020-01-24 03:30:00.000","480"
"2020-01-24 04:30:00.000","790"
"2020-01-24 05:30:00.000","1296"
"2020-01-24 06:30:00.000","1673"
"2020-01-24 07:30:00.000","3989"
"2020-01-24 08:30:00.000","10633"
"2020-01-24 09:30:00.000","28351"
"2020-01-24 10:30:00.000","45847"
"2020-01-24 11:30:00.000","50883"
"2020-01-24 12:30:00.000","16492"
"2020-01-24 13:30:00.000","13566"
"2020-01-24 14:30:00.000","14750"
"2020-01-24 15:30:00.000","12137"
"2020-01-24 16:30:00.000","10018"
"2020-01-24 17:30:00.000","8721"
"2020-01-24 18:30:00.000","7211"
"2020-01-24 19:30:00.000","4098"
"2020-01-24 20:30:00.000","2157"
"2020-01-24 21:30:00.000","1179"
"2020-01-24 22:30:00.000","957"
"2020-01-24 23:30:00.000","735"
"2020-01-25 00:30:00.000","273"
"2020-01-25 01:30:00.000","75"
"2020-01-25 02:30:00.000","193"
"2020-01-25 03:30:00.000","26"
"2020-01-25 04:30:00.000","53"
"2020-01-25 05:30:00.000","156"
"2020-01-25 06:30:00.000","98"
"2020-01-25 07:30:00.000","291"
"2020-01-25 08:30:00.000","292"
"2020-01-25 09:30:00.000","1020"
"2020-01-25 10:30:00.000","1155"
"2020-01-25 11:30:00.000","1348"
"2020-01-25 12:30:00.000","1484"
"2020-01-25 13:30:00.000","770"
"2020-01-25 14:30:00.000","1052"
"2020-01-25 15:30:00.000","990"
"2020-01-25 16:30:00.000","730"
"2020-01-25 17:30:00.000","1105"
"2020-01-25 18:30:00.000","983"
"2020-01-25 19:30:00.000","645"
"2020-01-25 20:30:00.000","1038"
"2020-01-25 21:30:00.000","1163"
"2020-01-25 22:30:00.000","78"
"2020-01-25 23:30:00.000","212"
"2020-01-26 00:30:00.000","40"
"2020-01-26 01:30:00.000","24"
"2020-01-26 02:30:00.000","22"
"2020-01-26 03:30:00.000","74"
"2020-01-26 04:30:00.000","26"
"2020-01-26 05:30:00.000","186"
"2020-01-26 06:30:00.000","42"
"2020-01-26 07:30:00.000","159"
"2020-01-26 08:30:00.000","38"
"2020-01-26 09:30:00.000","137"
"2020-01-26 10:30:00.000","283"
"2020-01-26 11:30:00.000","174"
"2020-01-26 12:30:00.000","279"
"2020-01-26 13:30:00.000","106"
"2020-01-26 14:30:00.000","281"
"2020-01-26 15:30:00.000","220"
"2020-01-26 16:30:00.000","247"
"2020-01-26 17:30:00.000","273"
"2020-01-26 18:30:00.000","312"
"2020-01-26 19:30:00.000","378"
"2020-01-26 20:30:00.000","391"
"2020-01-26 21:30:00.000","585"
"2020-01-26 22:30:00.000","1092"
"2020-01-26 23:30:00.000","591"
"2020-01-27 00:00:00.000","591"
"2020-01-27 00:30:00.000","177"
"2020-01-27 01:30:00.000","54"
"2020-01-27 02:30:00.000","630"
"2020-01-27 03:30:00.000","104"
"2020-01-27 04:30:00.000","229"
"2020-01-27 05:30:00.000","604"
"2020-01-27 06:30:00.000","459"
"2020-01-27 07:30:00.000","1201"
"2020-01-27 08:30:00.000","4929"
"2020-01-27 09:30:00.000","10575"
"2020-01-27 10:30:00.000","19226"
"2020-01-27 11:30:00.000","22354"
"2020-01-27 12:30:00.000","12963"
"2020-01-27 13:30:00.000","18882"
"2020-01-27 14:30:00.000","18978"
"2020-01-27 15:30:00.000","14500"
"2020-01-27 16:30:00.000","12747"
"2020-01-27 17:30:00.000","8000"
"2020-01-27 18:30:00.000","5748"
"2020-01-27 19:30:00.000","3864"
"2020-01-27 20:30:00.000","2333"
"2020-01-27 21:30:00.000","1671"
"2020-01-27 22:30:00.000","1062"
"2020-01-27 23:30:00.000","730"
"2020-01-28 00:30:00.000","287"
"2020-01-28 01:30:00.000","586"
"2020-01-28 02:30:00.000","259"
"2020-01-28 03:30:00.000","100"
"2020-01-28 04:30:00.000","42"
"2020-01-28 05:30:00.000","416"
"2020-01-28 06:30:00.000","508"
"2020-01-28 07:30:00.000","3715"
"2020-01-28 08:30:00.000","11569"
"2020-01-28 09:30:00.000","32812"
"2020-01-28 10:30:00.000","57912"
"2020-01-28 11:30:00.000","57920"
"2020-01-28 12:30:00.000","36753"
"2020-01-28 13:30:00.000","36332"
"2020-01-28 14:30:00.000","67709"
"2020-01-28 15:30:00.000","53326"
"2020-01-28 16:30:00.000","28977"
"2020-01-28 17:30:00.000","21362"
"2020-01-28 18:30:00.000","13204"
"2020-01-28 19:30:00.000","7271"
"2020-01-28 20:30:00.000","5412"
"2020-01-28 21:30:00.000","3366"
"2020-01-28 22:30:00.000","2418"
"2020-01-28 23:30:00.000","1598"
"2020-01-29 00:30:00.000","751"
"2020-01-29 01:30:00.000","301"
"2020-01-29 02:30:00.000","400"
"2020-01-29 03:30:00.000","263"
"2020-01-29 04:30:00.000","640"
"2020-01-29 05:30:00.000","789"
"2020-01-29 06:30:00.000","902"
"2020-01-29 07:30:00.000","3080"
"2020-01-29 08:30:00.000","7548"
"2020-01-29 09:30:00.000","16324"
"2020-01-29 10:30:00.000","27762"
"2020-01-29 11:30:00.000","37382"
"2020-01-29 12:30:00.000","28917"
"2020-01-29 13:30:00.000","33851"
"2020-01-29 14:30:00.000","39130"
"2020-01-29 15:30:00.000","30129"
"2020-01-29 16:30:00.000","28605"
"2020-01-29 17:30:00.000","21211"
"2020-01-29 18:30:00.000","14628"
"2020-01-29 19:30:00.000","7809"
"2020-01-29 20:30:00.000","5129"
"2020-01-29 21:30:00.000","5841"
"2020-01-29 22:30:00.000","2739"
"2020-01-29 23:30:00.000","1168"
"2020-01-30 00:30:00.000","544"
"2020-01-30 01:30:00.000","651"
"2020-01-30 02:30:00.000","339"
"2020-01-30 03:30:00.000","232"
"2020-01-30 04:30:00.000","317"
"2020-01-30 05:30:00.000","815"
"2020-01-30 06:30:00.000","358"
"2020-01-30 07:30:00.000","1100"
"2020-01-30 08:30:00.000","3025"
"2020-01-30 09:30:00.000","6309"
"2020-01-30 10:30:00.000","11269"
"2020-01-30 11:30:00.000","12526"
"2020-01-30 12:30:00.000","9999"
"2020-01-30 13:30:00.000","10471"
"2020-01-30 14:30:00.000","13108"
"2020-01-30 15:30:00.000","9376"
"2020-01-30 16:30:00.000","8639"
"2020-01-30 17:30:00.000","5820"
"2020-01-30 18:30:00.000","3393"
"2020-01-30 19:30:00.000","8998"
"2020-01-30 20:30:00.000","5970"
"2020-01-30 21:30:00.000","4107"
"2020-01-30 22:30:00.000","3923"
"2020-01-30 23:30:00.000","2472"
"2020-01-31 00:30:00.000","1161"
"2020-01-31 01:30:00.000","645"
"2020-01-31 02:30:00.000","831"
"2020-01-31 03:30:00.000","556"
"2020-01-31 04:30:00.000","1427"
"2020-01-31 05:30:00.000","1051"
"2020-01-31 06:30:00.000","864"
"2020-01-31 07:30:00.000","4353"
"2020-01-31 08:30:00.000","10232"
"2020-01-31 09:30:00.000","21852"
"2020-01-31 10:30:00.000","37863"
"2020-01-31 11:30:00.000","36079"
"2020-01-31 12:30:00.000","24861"
"2020-01-31 13:30:00.000","28332"
"2020-01-31 14:30:00.000","32294"
"2020-01-31 15:30:00.000","23005"
"2020-01-31 16:30:00.000","21279"
"2020-01-31 17:30:00.000","13542"
"2020-01-31 18:30:00.000","9496"
"2020-01-31 19:30:00.000","6625"
"2020-01-31 20:30:00.000","3396"
"2020-01-31 21:30:00.000","1684"
"2020-01-31 22:30:00.000","559"
"2020-01-31 23:30:00.000","429"
"2020-02-01 00:30:00.000","286"
"2020-02-01 01:30:00.000","221"
"2020-02-01 02:30:00.000","236"
"2020-02-01 03:30:00.000","149"
"2020-02-01 04:30:00.000","56"
"2020-02-01 05:30:00.000","211"
"2020-02-01 06:30:00.000","259"
"2020-02-01 07:30:00.000","212"
"2020-02-01 08:30:00.000","237"
"2020-02-01 09:30:00.000","373"
"2020-02-01 10:30:00.000","544"
"2020-02-01 11:30:00.000","308"
"2020-02-01 12:30:00.000","539"
"2020-02-01 13:30:00.000","506"
"2020-02-01 14:30:00.000","364"
"2020-02-01 15:30:00.000","449"
"2020-02-01 16:30:00.000","505"
"2020-02-01 17:30:00.000","996"
"2020-02-01 18:30:00.000","795"
"2020-02-01 19:30:00.000","1231"
"2020-02-01 20:30:00.000","555"
"2020-02-01 21:30:00.000","980"
"2020-02-01 22:30:00.000","830"
"2020-02-01 23:30:00.000","592"
"2020-02-02 00:30:00.000","433"
"2020-02-02 01:30:00.000","298"
"2020-02-02 02:30:00.000","369"
"2020-02-02 03:30:00.000","83"
"2020-02-02 04:30:00.000","72"
"2020-02-02 05:30:00.000","393"
"2020-02-02 06:30:00.000","248"
"2020-02-02 07:30:00.000","158"
"2020-02-02 08:30:00.000","262"
"2020-02-02 09:30:00.000","169"
"2020-02-02 10:30:00.000","267"
"2020-02-02 11:30:00.000","371"
"2020-02-02 12:30:00.000","175"
"2020-02-02 13:30:00.000","343"
"2020-02-02 14:30:00.000","345"
"2020-02-02 15:30:00.000","264"
"2020-02-02 16:30:00.000","384"
"2020-02-02 17:30:00.000","373"
"2020-02-02 18:30:00.000","794"
"2020-02-02 19:30:00.000","394"
"2020-02-02 20:30:00.000","453"
"2020-02-02 21:30:00.000","519"
"2020-02-02 22:30:00.000","351"
"2020-02-02 23:30:00.000","226"
"2020-02-03 00:00:00.000","226"
"2020-02-03 00:30:00.000","253"
"2020-02-03 01:30:00.000","430"
"2020-02-03 02:30:00.000","320"
"2020-02-03 03:30:00.000","61"
"2020-02-03 04:30:00.000","170"
"2020-02-03 05:30:00.000","410"
"2020-02-03 06:30:00.000","1715"
"2020-02-03 07:30:00.000","7151"
"2020-02-03 08:30:00.000","23007"
"2020-02-03 09:30:00.000","38202"
"2020-02-03 10:30:00.000","48400"
"2020-02-03 11:30:00.000","51732"
"2020-02-03 12:30:00.000","49840"
"2020-02-03 13:30:00.000","48296"
"2020-02-03 14:30:00.000","51504"
"2020-02-03 15:30:00.000","47353"
"2020-02-03 16:30:00.000","29297"
"2020-02-03 17:30:00.000","20724"
"2020-02-03 18:30:00.000","15797"
"2020-02-03 19:30:00.000","9279"
"2020-02-03 20:30:00.000","5940"
"2020-02-03 21:30:00.000","5182"
"2020-02-03 22:30:00.000","8270"
"2020-02-03 23:30:00.000","2491"
"2020-02-04 00:30:00.000","1271"
"2020-02-04 01:30:00.000","1365"
"2020-02-04 02:30:00.000","1124"
"2020-02-04 03:30:00.000","696"
"2020-02-04 04:30:00.000","744"
"2020-02-04 05:30:00.000","1413"
"2020-02-04 06:30:00.000","673"
"2020-02-04 07:30:00.000","1680"
"2020-02-04 08:30:00.000","4392"
"2020-02-04 09:30:00.000","7610"
"2020-02-04 10:30:00.000","9712"
"2020-02-04 11:30:00.000","12749"
"2020-02-04 12:30:00.000","10195"
"2020-02-04 13:30:00.000","27878"
"2020-02-04 14:30:00.000","9606"
"2020-02-04 15:30:00.000","7756"
"2020-02-04 16:30:00.000","13059"
"2020-02-04 17:30:00.000","35759"
"2020-02-04 18:30:00.000","21837"
"2020-02-04 19:30:00.000","8549"
"2020-02-04 20:30:00.000","5839"
"2020-02-04 21:30:00.000","4069"
"2020-02-04 22:30:00.000","3326"
"2020-02-04 23:30:00.000","2052"
"2020-02-05 00:30:00.000","1567"
"2020-02-05 01:30:00.000","1202"
"2020-02-05 02:30:00.000","970"
"2020-02-05 03:30:00.000","744"
"2020-02-05 04:30:00.000","1383"
"2020-02-05 05:30:00.000","1602"
"2020-02-05 06:30:00.000","1746"
"2020-02-05 07:30:00.000","3531"
"2020-02-05 08:30:00.000","8311"
"2020-02-05 09:30:00.000","16081"
"2020-02-05 10:30:00.000","22185"
"2020-02-05 11:30:00.000","24878"
"2020-02-05 12:30:00.000","20172"
"2020-02-05 13:30:00.000","25485"
"2020-02-05 14:30:00.000","26411"
"2020-02-05 15:30:00.000","19250"
"2020-02-05 16:30:00.000","16733"
"2020-02-05 17:30:00.000","12314"
"2020-02-05 18:30:00.000","9963"
"2020-02-05 19:30:00.000","6966"
"2020-02-05 20:30:00.000","3710"
"2020-02-05 21:30:00.000","3843"
"2020-02-05 22:30:00.000","2304"
"2020-02-05 23:30:00.000","1417"
"2020-02-06 00:30:00.000","805"
"2020-02-06 01:30:00.000","837"
"2020-02-06 02:30:00.000","592"
"2020-02-06 03:30:00.000","265"
"2020-02-06 04:30:00.000","459"
"2020-02-06 05:30:00.000","880"
"2020-02-06 06:30:00.000","759"
"2020-02-06 07:30:00.000","1487"
"2020-02-06 08:30:00.000","2774"
"2020-02-06 09:30:00.000","15006"
"2020-02-06 10:30:00.000","24557"
"2020-02-06 11:30:00.000","29829"
"2020-02-06 12:30:00.000","18428"
"2020-02-06 13:30:00.000","23289"
"2020-02-06 14:30:00.000","19632"
"2020-02-06 15:30:00.000","18010"
"2020-02-06 16:30:00.000","17511"
"2020-02-06 17:30:00.000","11610"
"2020-02-06 18:30:00.000","9278"
"2020-02-06 19:30:00.000","7340"
"2020-02-06 20:30:00.000","5159"
"2020-02-06 21:30:00.000","3923"
"2020-02-06 22:30:00.000","3278"
"2020-02-06 23:30:00.000","1712"
"2020-02-07 00:30:00.000","1145"
"2020-02-07 01:30:00.000","766"
"2020-02-07 02:30:00.000","624"
"2020-02-07 03:30:00.000","222"
"2020-02-07 04:30:00.000","550"
"2020-02-07 05:30:00.000","989"
"2020-02-07 06:30:00.000","237"
"2020-02-07 07:30:00.000","1108"
"2020-02-07 08:30:00.000","2775"
"2020-02-07 09:30:00.000","5266"
"2020-02-07 10:30:00.000","8440"
"2020-02-07 11:30:00.000","8609"
"2020-02-07 12:30:00.000","6354"
"2020-02-07 13:30:00.000","7740"
"2020-02-07 14:30:00.000","7164"
"2020-02-07 15:30:00.000","6417"
"2020-02-07 16:30:00.000","8930"
"2020-02-07 17:30:00.000","15459"
"2020-02-07 18:30:00.000","12116"
"2020-02-07 19:30:00.000","7107"
"2020-02-07 20:30:00.000","5652"
"2020-02-07 21:30:00.000","2546"
"2020-02-07 22:30:00.000","1845"
"2020-02-07 23:30:00.000","1453"
"2020-02-08 00:30:00.000","643"
"2020-02-08 01:30:00.000","613"
"2020-02-08 02:30:00.000","446"
"2020-02-08 03:30:00.000","393"
"2020-02-08 04:30:00.000","259"
"2020-02-08 05:30:00.000","352"
"2020-02-08 06:30:00.000","104"
"2020-02-08 07:30:00.000","330"
"2020-02-08 08:30:00.000","144"
"2020-02-08 11:30:00.000","517"
"2020-02-08 12:30:00.000","669"
"2020-02-08 13:30:00.000","1126"
"2020-02-08 14:30:00.000","869"
"2020-02-08 15:30:00.000","95"
"2020-02-08 16:30:00.000","108"
"2020-02-08 17:30:00.000","149"
"2020-02-08 18:30:00.000","162"
"2020-02-08 19:30:00.000","46"
"2020-02-08 20:30:00.000","94"
"2020-02-08 21:30:00.000","255"
"2020-02-08 22:30:00.000","132"
"2020-02-08 23:30:00.000","42"
"2020-02-09 00:30:00.000","54"
"2020-02-09 01:30:00.000","40"
"2020-02-09 02:30:00.000","38"
"2020-02-09 03:30:00.000","45"
"2020-02-09 04:30:00.000","36"
"2020-02-09 05:30:00.000","68"
"2020-02-09 06:30:00.000","64"
"2020-02-09 07:30:00.000","42"
"2020-02-09 08:30:00.000","69"
"2020-02-09 09:30:00.000","197"
"2020-02-09 10:30:00.000","146"
"2020-02-09 11:30:00.000","178"
"2020-02-09 12:30:00.000","120"
"2020-02-09 13:30:00.000","88"
"2020-02-09 14:30:00.000","280"
"2020-02-09 15:30:00.000","316"
"2020-02-09 16:30:00.000","156"
"2020-02-09 17:30:00.000","306"
"2020-02-09 18:30:00.000","263"
"2020-02-09 19:30:00.000","190"
"2020-02-09 20:30:00.000","213"
"2020-02-09 21:30:00.000","229"
"2020-02-09 22:30:00.000","158"
"2020-02-09 23:30:00.000","229"
"2020-02-10 00:00:00.000","229"
"2020-02-10 00:30:00.000","67"
"2020-02-10 01:30:00.000","66"
"2020-02-10 02:30:00.000","40"
"2020-02-10 03:30:00.000","36"
"2020-02-10 04:30:00.000","63"
"2020-02-10 05:30:00.000","167"
"2020-02-10 06:30:00.000","267"
"2020-02-10 07:30:00.000","1666"
"2020-02-10 08:30:00.000","4383"
"2020-02-10 09:30:00.000","8880"
"2020-02-10 10:30:00.000","44896"
"2020-02-10 11:30:00.000","33526"
"2020-02-10 12:30:00.000","40144"
"2020-02-10 13:30:00.000","35229"
"2020-02-10 14:30:00.000","33390"
"2020-02-10 15:30:00.000","30389"
"2020-02-10 16:30:00.000","25612"
"2020-02-10 17:30:00.000","18694"
"2020-02-10 18:30:00.000","16204"
"2020-02-10 19:30:00.000","9789"
"2020-02-10 20:30:00.000","6629"
"2020-02-10 21:30:00.000","4251"
"2020-02-10 22:30:00.000","2469"
"2020-02-10 23:30:00.000","1479"
"2020-02-11 00:30:00.000","1330"
"2020-02-11 01:30:00.000","567"
"2020-02-11 02:30:00.000","408"
"2020-02-11 03:30:00.000","437"
"2020-02-11 04:30:00.000","315"
"2020-02-11 05:30:00.000","1113"
"2020-02-11 06:30:00.000","989"
"2020-02-11 07:30:00.000","3260"
"2020-02-11 08:30:00.000","9541"
"2020-02-11 09:30:00.000","28225"
"2020-02-11 10:30:00.000","40137"
"2020-02-11 11:30:00.000","45319"
"2020-02-11 12:30:00.000","31519"
"2020-02-11 13:30:00.000","30071"
"2020-02-11 14:30:00.000","32002"
"2020-02-11 15:30:00.000","26354"
"2020-02-11 16:30:00.000","21767"
"2020-02-11 17:30:00.000","16655"
"2020-02-11 18:30:00.000","12779"
"2020-02-11 19:30:00.000","6892"
"2020-02-11 20:30:00.000","4791"
"2020-02-11 21:30:00.000","3779"
"2020-02-11 22:30:00.000","2827"
"2020-02-11 23:30:00.000","1251"
"2020-02-12 00:30:00.000","601"
"2020-02-12 01:30:00.000","585"
"2020-02-12 02:30:00.000","412"
"2020-02-12 03:30:00.000","587"
"2020-02-12 04:30:00.000","569"
"2020-02-12 05:30:00.000","900"
"2020-02-12 06:30:00.000","965"
"2020-02-12 07:30:00.000","2969"
"2020-02-12 08:30:00.000","7874"
"2020-02-12 09:30:00.000","19646"
"2020-02-12 10:30:00.000","36499"
"2020-02-12 11:30:00.000","38630"
"2020-02-12 12:30:00.000","26616"
"2020-02-12 13:30:00.000","26379"
"2020-02-12 14:30:00.000","26420"
"2020-02-12 15:30:00.000","23984"
"2020-02-12 16:30:00.000","16922"
"2020-02-12 17:30:00.000","15365"
"2020-02-12 18:30:00.000","11737"
"2020-02-12 19:30:00.000","7619"
"2020-02-12 20:30:00.000","3689"
"2020-02-12 21:30:00.000","3209"
"2020-02-12 22:30:00.000","2145"
"2020-02-12 23:30:00.000","1127"
"2020-02-13 00:30:00.000","829"
"2020-02-13 01:30:00.000","596"
"2020-02-13 02:30:00.000","344"
"2020-02-13 03:30:00.000","290"
"2020-02-13 04:30:00.000","627"
"2020-02-13 05:30:00.000","705"
"2020-02-13 06:30:00.000","1651"
"2020-02-13 07:30:00.000","3400"
"2020-02-13 08:30:00.000","9702"
"2020-02-13 09:30:00.000","18802"
"2020-02-13 10:30:00.000","29829"
"2020-02-13 11:30:00.000","32888"
"2020-02-13 12:30:00.000","25512"
"2020-02-13 13:30:00.000","25872"
"2020-02-13 14:30:00.000","25746"
"2020-02-13 15:30:00.000","22013"
"2020-02-13 16:30:00.000","17386"
"2020-02-13 17:30:00.000","13501"
"2020-02-13 18:30:00.000","10306"
"2020-02-13 19:30:00.000","6886"
"2020-02-13 20:30:00.000","4488"
"2020-02-13 21:30:00.000","3426"
"2020-02-13 22:30:00.000","1783"
"2020-02-13 23:30:00.000","1204"
"2020-02-14 00:30:00.000","991"
"2020-02-14 01:30:00.000","373"
"2020-02-14 02:30:00.000","380"
"2020-02-14 03:30:00.000","246"
"2020-02-14 04:30:00.000","268"
"2020-02-14 05:30:00.000","810"
"2020-02-14 06:30:00.000","1169"
"2020-02-14 07:30:00.000","2828"
"2020-02-14 08:30:00.000","9048"
"2020-02-14 09:30:00.000","19159"
"2020-02-14 10:30:00.000","23952"
"2020-02-14 11:30:00.000","30483"
"2020-02-14 12:30:00.000","25359"
"2020-02-14 13:30:00.000","31436"
"2020-02-14 14:30:00.000","29697"
"2020-02-14 15:30:00.000","24345"
"2020-02-14 16:30:00.000","22036"
"2020-02-14 17:30:00.000","17355"
"2020-02-14 18:30:00.000","12523"
"2020-02-14 19:30:00.000","7186"
"2020-02-14 20:30:00.000","4457"
"2020-02-14 21:30:00.000","3422"
"2020-02-14 22:30:00.000","2097"
"2020-02-14 23:30:00.000","1154"
"2020-02-15 00:30:00.000","539"
"2020-02-15 01:30:00.000","298"
"2020-02-15 02:30:00.000","429"
"2020-02-15 03:30:00.000","201"
"2020-02-15 04:30:00.000","448"
"2020-02-15 05:30:00.000","574"
"2020-02-15 06:30:00.000","443"
"2020-02-15 07:30:00.000","335"
"2020-02-15 08:30:00.000","831"
"2020-02-15 09:30:00.000","1139"
"2020-02-15 10:30:00.000","854"
"2020-02-15 11:30:00.000","810"
"2020-02-15 12:30:00.000","819"
"2020-02-15 13:30:00.000","960"
"2020-02-15 14:30:00.000","929"
"2020-02-15 15:30:00.000","702"
"2020-02-15 16:30:00.000","775"
"2020-02-15 17:30:00.000","700"
"2020-02-15 18:30:00.000","1191"
"2020-02-15 19:30:00.000","866"
"2020-02-15 20:30:00.000","486"
"2020-02-15 21:30:00.000","440"
"2020-02-15 22:30:00.000","645"
"2020-02-15 23:30:00.000","346"
"2020-02-16 00:30:00.000","217"
"2020-02-16 01:30:00.000","55"
"2020-02-16 02:30:00.000","283"
"2020-02-16 03:30:00.000","88"
"2020-02-16 04:30:00.000","101"
"2020-02-16 05:30:00.000","171"
"2020-02-16 06:30:00.000","88"
"2020-02-16 07:30:00.000","348"
"2020-02-16 08:30:00.000","897"
"2020-02-16 09:30:00.000","776"
"2020-02-16 10:30:00.000","981"
"2020-02-16 11:30:00.000","904"
"2020-02-16 12:30:00.000","1223"
"2020-02-16 13:30:00.000","1037"
"2020-02-16 14:30:00.000","992"
"2020-02-16 15:30:00.000","909"
"2020-02-16 16:30:00.000","1527"
"2020-02-16 17:30:00.000","1137"
"2020-02-17 09:30:00.000","3617"
"2020-02-17 10:30:00.000","13520"
"2020-02-17 11:30:00.000","15044"
"2020-02-17 12:30:00.000","10907"
"2020-02-17 13:30:00.000","11561"
"2020-02-17 14:30:00.000","16620"
"2020-02-17 15:30:00.000","12419"
"2020-02-17 16:30:00.000","7707"
"2020-02-17 17:30:00.000","6606"
"2020-02-17 18:30:00.000","4874"
"2020-02-17 19:30:00.000","3115"
"2020-02-17 20:30:00.000","1668"
"2020-02-17 21:30:00.000","819"
"2020-02-17 22:30:00.000","3152"
"2020-02-17 23:30:00.000","1982"
"2020-02-18 00:30:00.000","708"
"2020-02-18 01:30:00.000","561"
"2020-02-18 02:30:00.000","345"
"2020-02-18 03:30:00.000","247"
"2020-02-18 04:30:00.000","366"
"2020-02-18 05:30:00.000","478"
"2020-02-18 06:30:00.000","997"
"2020-02-18 07:30:00.000","3778"
"2020-02-18 08:30:00.000","10252"
"2020-02-18 09:30:00.000","18227"
"2020-02-18 10:30:00.000","32822"
"2020-02-18 11:30:00.000","43705"
"2020-02-18 12:30:00.000","27778"
"2020-02-18 13:30:00.000","30905"
"2020-02-18 14:30:00.000","31418"
"2020-02-18 15:30:00.000","25820"
"2020-02-18 16:30:00.000","24414"
"2020-02-18 17:30:00.000","19752"
"2020-02-18 18:30:00.000","15151"
"2020-02-18 19:30:00.000","9358"
"2020-02-18 20:30:00.000","7094"
"2020-02-18 21:30:00.000","4557"
"2020-02-18 22:30:00.000","3323"
"2020-02-18 23:30:00.000","1479"
"2020-02-19 00:30:00.000","910"
"2020-02-19 01:30:00.000","607"
"2020-02-19 02:30:00.000","402"
"2020-02-19 03:30:00.000","370"
"2020-02-19 04:30:00.000","436"
"2020-02-19 05:30:00.000","446"
"2020-02-19 06:30:00.000","1358"
"2020-02-19 07:30:00.000","3053"
"2020-02-19 08:30:00.000","8466"
"2020-02-19 09:30:00.000","18943"
"2020-02-19 10:30:00.000","27345"
"2020-02-19 11:30:00.000","30707"
"2020-02-19 12:30:00.000","24932"
"2020-02-19 13:30:00.000","26665"
"2020-02-19 14:30:00.000","32337"
"2020-02-19 15:30:00.000","25782"
"2020-02-19 16:30:00.000","23083"
"2020-02-19 17:30:00.000","18466"
"2020-02-19 18:30:00.000","14514"
"2020-02-19 19:30:00.000","8659"
"2020-02-19 20:30:00.000","4547"
"2020-02-19 21:30:00.000","3565"
"2020-02-19 22:30:00.000","2925"
"2020-02-19 23:30:00.000","971"
"2020-02-20 00:30:00.000","840"
"2020-02-20 01:30:00.000","437"
"2020-02-20 02:30:00.000","562"
"2020-02-20 03:30:00.000","169"
"2020-02-20 04:30:00.000","283"
"2020-02-20 05:30:00.000","659"
"2020-02-20 06:30:00.000","1954"
"2020-02-20 07:30:00.000","3579"
"2020-02-20 08:30:00.000","8477"
"2020-02-20 09:30:00.000","17352"
"2020-02-20 10:30:00.000","25799"
"2020-02-20 11:30:00.000","28764"
"2020-02-20 12:30:00.000","23460"
"2020-02-20 13:30:00.000","26226"
"2020-02-20 14:30:00.000","32851"
"2020-02-20 15:30:00.000","22919"
"2020-02-20 16:30:00.000","20978"
"2020-02-20 17:30:00.000","17519"
"2020-02-20 18:30:00.000","15122"
"2020-02-20 19:30:00.000","8464"
"2020-02-20 20:30:00.000","4365"
"2020-02-20 21:30:00.000","3121"
"2020-02-20 22:30:00.000","3057"
"2020-02-20 23:30:00.000","1086"
"2020-02-21 00:30:00.000","984"
"2020-02-21 01:30:00.000","488"
"2020-02-21 02:30:00.000","630"
"2020-02-21 03:30:00.000","349"
"2020-02-21 04:30:00.000","239"
"2020-02-21 05:30:00.000","742"
"2020-02-21 06:30:00.000","727"
"2020-02-21 07:30:00.000","1954"
"2020-02-21 08:30:00.000","5123"
"2020-02-21 09:30:00.000","10251"
"2020-02-21 10:30:00.000","17411"
"2020-02-21 11:30:00.000","22033"
"2020-02-21 12:30:00.000","14882"
"2020-02-21 13:30:00.000","19052"
"2020-02-21 14:30:00.000","19697"
"2020-02-21 15:30:00.000","13278"
"2020-02-21 16:30:00.000","12998"
"2020-02-21 17:30:00.000","9789"
"2020-02-21 18:30:00.000","7537"
"2020-02-21 19:30:00.000","4938"
"2020-02-21 20:30:00.000","2958"
"2020-02-21 21:30:00.000","1893"
"2020-02-21 22:30:00.000","1479"
"2020-02-21 23:30:00.000","1167"
"2020-02-22 00:30:00.000","434"
"2020-02-22 01:30:00.000","351"
"2020-02-22 02:30:00.000","367"
"2020-02-22 03:30:00.000","306"
"2020-02-22 04:30:00.000","178"
"2020-02-22 05:30:00.000","476"
"2020-02-22 06:30:00.000","293"
"2020-02-22 07:30:00.000","244"
"2020-02-22 08:30:00.000","333"
"2020-02-22 09:30:00.000","1025"
"2020-02-22 10:30:00.000","932"
"2020-02-22 11:30:00.000","1349"
"2020-02-22 12:30:00.000","910"
"2020-02-22 13:30:00.000","1084"
"2020-02-22 14:30:00.000","1620"
"2020-02-22 15:30:00.000","494"
"2020-02-22 16:30:00.000","435"
"2020-02-22 17:30:00.000","545"
"2020-02-22 18:30:00.000","1017"
"2020-02-22 19:30:00.000","922"
"2020-02-22 20:30:00.000","587"
"2020-02-22 21:30:00.000","499"
"2020-02-22 22:30:00.000","926"
"2020-02-22 23:30:00.000","319"
"2020-02-23 00:30:00.000","163"
"2020-02-23 01:30:00.000","78"
"2020-02-23 02:30:00.000","193"
"2020-02-23 03:30:00.000","221"
"2020-02-23 04:30:00.000","99"
"2020-02-23 05:30:00.000","226"
"2020-02-23 06:30:00.000","295"
"2020-02-23 07:30:00.000","699"
"2020-02-23 08:30:00.000","712"
"2020-02-23 09:30:00.000","819"
"2020-02-23 10:30:00.000","719"
"2020-02-23 11:30:00.000","745"
"2020-02-23 12:30:00.000","1392"
"2020-02-23 13:30:00.000","1136"
"2020-02-23 14:30:00.000","761"
"2020-02-23 15:30:00.000","700"
"2020-02-23 16:30:00.000","1331"
"2020-02-23 17:30:00.000","922"
"2020-02-23 18:30:00.000","1266"
"2020-02-23 19:30:00.000","910"
"2020-02-23 20:30:00.000","660"
"2020-02-23 21:30:00.000","932"
"2020-02-23 22:30:00.000","1184"
"2020-02-23 23:30:00.000","642"
"2020-02-24 00:00:00.000","642"
"2020-02-24 00:30:00.000","325"
"2020-02-24 01:30:00.000","263"
"2020-02-24 02:30:00.000","311"
"2020-02-24 03:30:00.000","46"
"2020-02-24 04:30:00.000","218"
"2020-02-24 05:30:00.000","272"
"2020-02-24 06:30:00.000","810"
"2020-02-24 07:30:00.000","3635"
"2020-02-24 08:30:00.000","12011"
"2020-02-24 09:30:00.000","22820"
"2020-02-24 10:30:00.000","57992"
"2020-02-24 11:30:00.000","67896"
"2020-02-24 12:30:00.000","50516"
"2020-02-24 13:30:00.000","70855"
"2020-02-24 14:30:00.000","32219"
"2020-02-24 15:30:00.000","28958"
"2020-02-24 16:30:00.000","22753"
"2020-02-24 17:30:00.000","21861"
"2020-02-24 18:30:00.000","15405"
"2020-02-24 19:30:00.000","8610"
"2020-02-24 20:30:00.000","4654"
"2020-02-24 21:30:00.000","2965"
"2020-02-24 22:30:00.000","2500"
"2020-02-24 23:30:00.000","1429"
"2020-02-25 00:30:00.000","827"
"2020-02-25 01:30:00.000","769"
"2020-02-25 02:30:00.000","449"
"2020-02-25 03:30:00.000","518"
"2020-02-25 04:30:00.000","527"
"2020-02-25 05:30:00.000","579"
"2020-02-25 06:30:00.000","1383"
"2020-02-25 07:30:00.000","3374"
"2020-02-25 08:30:00.000","8042"
"2020-02-25 09:30:00.000","16211"
"2020-02-25 10:30:00.000","37402"
"2020-02-25 11:30:00.000","38482"
"2020-02-25 12:30:00.000","27775"
"2020-02-25 13:30:00.000","30354"
"2020-02-25 14:30:00.000","33301"
"2020-02-25 15:30:00.000","29821"
"2020-02-25 16:30:00.000","21450"
"2020-02-25 17:30:00.000","18107"
"2020-02-25 18:30:00.000","14117"
"2020-02-25 19:30:00.000","7047"
"2020-02-25 20:30:00.000","4697"
"2020-02-25 21:30:00.000","4657"
"2020-02-25 22:30:00.000","2346"
"2020-02-25 23:30:00.000","1918"
"2020-02-26 00:30:00.000","1420"
"2020-02-26 01:30:00.000","1072"
"2020-02-26 02:30:00.000","447"
"2020-02-26 03:30:00.000","299"
"2020-02-26 04:30:00.000","275"
"2020-02-26 05:30:00.000","843"
"2020-02-26 06:30:00.000","1320"
"2020-02-26 07:30:00.000","2677"
"2020-02-26 08:30:00.000","8602"
"2020-02-26 09:30:00.000","19828"
"2020-02-26 10:30:00.000","29828"
"2020-02-26 11:30:00.000","32634"
"2020-02-26 12:30:00.000","21054"
"2020-02-26 13:30:00.000","21289"
"2020-02-26 14:30:00.000","27067"
"2020-02-26 15:30:00.000","22118"
"2020-02-26 16:30:00.000","17929"
"2020-02-26 17:30:00.000","14372"
"2020-02-26 18:30:00.000","12809"
"2020-02-26 19:30:00.000","6597"
"2020-02-26 20:30:00.000","3383"
"2020-02-26 21:30:00.000","3237"
"2020-02-26 22:30:00.000","2370"
"2020-02-26 23:30:00.000","1634"
"2020-02-27 00:30:00.000","622"
"2020-02-27 01:30:00.000","344"
"2020-02-27 02:30:00.000","305"
"2020-02-27 03:30:00.000","566"
"2020-02-27 04:30:00.000","934"
"2020-02-27 05:30:00.000","471"
"2020-02-27 06:30:00.000","2085"
"2020-02-27 07:30:00.000","3176"
"2020-02-27 08:30:00.000","9496"
"2020-02-27 09:30:00.000","15793"
"2020-02-27 10:30:00.000","23453"
"2020-02-27 11:30:00.000","28046"
"2020-02-27 12:30:00.000","19671"
"2020-02-27 13:30:00.000","20400"
"2020-02-27 14:30:00.000","22142"
"2020-02-27 15:30:00.000","19728"
"2020-02-27 16:30:00.000","18746"
"2020-02-27 17:30:00.000","13177"
"2020-02-27 18:30:00.000","8943"
"2020-02-27 19:30:00.000","6717"
"2020-02-27 20:30:00.000","3900"
"2020-02-27 21:30:00.000","3520"
"2020-02-27 22:30:00.000","2697"
"2020-02-27 23:30:00.000","1807"
"2020-02-28 00:30:00.000","934"
"2020-02-28 01:30:00.000","321"
"2020-02-28 02:30:00.000","293"
"2020-02-28 03:30:00.000","487"
"2020-02-28 04:30:00.000","418"
"2020-02-28 05:30:00.000","841"
"2020-02-28 06:30:00.000","789"
"2020-02-28 07:30:00.000","2454"
"2020-02-28 08:30:00.000","6578"
"2020-02-28 09:30:00.000","13957"
"2020-02-28 10:30:00.000","28640"
"2020-02-28 11:30:00.000","28914"
"2020-02-28 12:30:00.000","18235"
"2020-02-28 13:30:00.000","22019"
"2020-02-28 14:30:00.000","25837"
"2020-02-28 15:30:00.000","19344"
"2020-02-28 16:30:00.000","13155"
"2020-02-28 17:30:00.000","6743"
"2020-02-28 18:30:00.000","5474"
"2020-02-28 19:30:00.000","3411"
"2020-02-28 20:30:00.000","2833"
"2020-02-28 21:30:00.000","1755"
"2020-02-28 22:30:00.000","1400"
"2020-02-28 23:30:00.000","483"
"2020-02-29 00:30:00.000","719"
"2020-02-29 01:30:00.000","266"
"2020-02-29 02:30:00.000","218"
"2020-02-29 03:30:00.000","127"
"2020-02-29 04:30:00.000","184"
"2020-02-29 05:30:00.000","190"
"2020-02-29 06:30:00.000","216"
"2020-02-29 07:30:00.000","316"
"2020-02-29 08:30:00.000","369"
"2020-02-29 09:30:00.000","387"
"2020-02-29 10:30:00.000","412"
"2020-02-29 11:30:00.000","692"
"2020-02-29 12:30:00.000","681"
"2020-02-29 13:30:00.000","355"
"2020-02-29 14:30:00.000","505"
"2020-02-29 15:30:00.000","444"
"2020-02-29 16:30:00.000","353"
"2020-02-29 17:30:00.000","324"
"2020-02-29 18:30:00.000","181"
"2020-02-29 19:30:00.000","482"
"2020-02-29 20:30:00.000","323"
"2020-02-29 21:30:00.000","259"
"2020-02-29 22:30:00.000","228"
"2020-02-29 23:30:00.000","510"
"2020-03-01 00:30:00.000","392"
"2020-03-01 01:30:00.000","271"
"2020-03-01 02:30:00.000","100"
"2020-03-01 03:30:00.000","59"
"2020-03-01 04:30:00.000","221"
"2020-03-01 05:30:00.000","525"
"2020-03-01 06:30:00.000","359"
"2020-03-01 07:30:00.000","334"
"2020-03-01 08:30:00.000","454"
"2020-03-01 09:30:00.000","350"
"2020-03-01 10:30:00.000","641"
"2020-03-01 11:30:00.000","556"
"2020-03-01 12:30:00.000","428"
"2020-03-01 13:30:00.000","639"
"2020-03-01 14:30:00.000","484"
"2020-03-01 15:30:00.000","1064"
"2020-03-01 16:30:00.000","713"
"2020-03-01 17:30:00.000","698"
"2020-03-01 18:30:00.000","838"
"2020-03-01 19:30:00.000","949"
"2020-03-01 20:30:00.000","1390"
"2020-03-01 21:30:00.000","1437"
"2020-03-01 22:30:00.000","1459"
"2020-03-01 23:30:00.000","903"
"2020-03-02 00:00:00.000","903"
"2020-03-02 00:30:00.000","221"
"2020-03-02 01:30:00.000","327"
"2020-03-02 02:30:00.000","333"
"2020-03-02 03:30:00.000","313"
"2020-03-02 04:30:00.000","194"
"2020-03-02 05:30:00.000","959"
"2020-03-02 06:30:00.000","1609"
"2020-03-02 07:30:00.000","4020"
"2020-03-02 08:30:00.000","12791"
"2020-03-02 09:30:00.000","24153"
"2020-03-02 10:30:00.000","32920"
"2020-03-02 11:30:00.000","35493"
"2020-03-02 12:30:00.000","26225"
"2020-03-02 13:30:00.000","31551"
"2020-03-02 14:30:00.000","27741"
"2020-03-02 15:30:00.000","22277"
"2020-03-02 16:30:00.000","19281"
"2020-03-02 17:30:00.000","16745"
"2020-03-02 18:30:00.000","13408"
"2020-03-02 19:30:00.000","9460"
"2020-03-02 20:30:00.000","5719"
"2020-03-02 21:30:00.000","4035"
"2020-03-02 22:30:00.000","2763"
"2020-03-02 23:30:00.000","1446"
"2020-03-03 00:30:00.000","1338"
"2020-03-03 01:30:00.000","1247"
"2020-03-03 02:30:00.000","796"
"2020-03-03 03:30:00.000","507"
"2020-03-03 04:30:00.000","798"
"2020-03-03 05:30:00.000","1021"
"2020-03-03 06:30:00.000","1212"
"2020-03-03 07:30:00.000","2866"
"2020-03-03 08:30:00.000","8019"
"2020-03-03 09:30:00.000","16602"
"2020-03-03 10:30:00.000","24021"
"2020-03-03 11:30:00.000","28298"
"2020-03-03 12:30:00.000","22922"
"2020-03-03 13:30:00.000","22627"
"2020-03-03 14:30:00.000","26202"
"2020-03-03 15:30:00.000","20187"
"2020-03-03 16:30:00.000","17155"
"2020-03-03 17:30:00.000","14517"
"2020-03-03 18:30:00.000","12880"
"2020-03-03 19:30:00.000","7779"
"2020-03-03 20:30:00.000","5107"
"2020-03-03 21:30:00.000","4264"
"2020-03-03 22:30:00.000","3695"
"2020-03-03 23:30:00.000","2087"
"2020-03-04 00:30:00.000","1900"
"2020-03-04 01:30:00.000","1950"
"2020-03-04 02:30:00.000","1189"
"2020-03-04 03:30:00.000","1063"
"2020-03-04 04:30:00.000","1318"
"2020-03-04 05:30:00.000","1638"
"2020-03-04 06:30:00.000","1646"
"2020-03-04 07:30:00.000","3210"
"2020-03-04 08:30:00.000","9312"
"2020-03-04 09:30:00.000","15894"
"2020-03-04 10:30:00.000","22895"
"2020-03-04 11:30:00.000","22906"
"2020-03-04 12:30:00.000","20606"
"2020-03-04 13:30:00.000","23943"
"2020-03-04 14:30:00.000","28616"
"2020-03-04 15:30:00.000","22372"
"2020-03-04 16:30:00.000","37140"
"2020-03-04 17:30:00.000","66415"
"2020-03-04 18:30:00.000","39952"
"2020-03-04 19:30:00.000","7832"
"2020-03-04 20:30:00.000","5219"
"2020-03-04 21:30:00.000","5143"
"2020-03-04 22:30:00.000","2628"
"2020-03-04 23:30:00.000","2492"
"2020-03-05 00:30:00.000","1531"
"2020-03-05 01:30:00.000","1750"
"2020-03-05 02:30:00.000","1793"
"2020-03-05 03:30:00.000","623"
"2020-03-05 04:30:00.000","1005"
"2020-03-05 05:30:00.000","1346"
"2020-03-05 06:30:00.000","1505"
"2020-03-05 07:30:00.000","3387"
"2020-03-05 08:30:00.000","11017"
"2020-03-05 09:30:00.000","18754"
"2020-03-05 10:30:00.000","25961"
"2020-03-05 11:30:00.000","32046"
"2020-03-05 12:30:00.000","21991"
"2020-03-05 13:30:00.000","24291"
"2020-03-05 14:30:00.000","26601"
"2020-03-05 15:30:00.000","19471"
"2020-03-05 16:30:00.000","18871"
"2020-03-05 17:30:00.000","14356"
"2020-03-05 18:30:00.000","11855"
"2020-03-05 19:30:00.000","7413"
"2020-03-05 20:30:00.000","6386"
"2020-03-05 21:30:00.000","4133"
"2020-03-05 22:30:00.000","3677"
"2020-03-05 23:30:00.000","2164"
"2020-03-06 00:30:00.000","1421"
"2020-03-06 01:30:00.000","581"
"2020-03-06 02:30:00.000","738"
"2020-03-06 03:30:00.000","646"
"2020-03-06 04:30:00.000","529"
"2020-03-06 05:30:00.000","1289"
"2020-03-06 06:30:00.000","1816"
"2020-03-06 07:30:00.000","4848"
"2020-03-06 08:30:00.000","10872"
"2020-03-06 09:30:00.000","17948"
"2020-03-06 10:30:00.000","32237"
"2020-03-06 11:30:00.000","35087"
"2020-03-06 12:30:00.000","22894"
"2020-03-06 13:30:00.000","32960"
"2020-03-06 14:30:00.000","37812"
"2020-03-06 15:30:00.000","31160"
"2020-03-06 16:30:00.000","27808"
"2020-03-06 17:30:00.000","20335"
"2020-03-06 18:30:00.000","14611"
"2020-03-06 19:30:00.000","10459"
"2020-03-06 20:30:00.000","5589"
"2020-03-06 21:30:00.000","4760"
"2020-03-06 22:30:00.000","2978"
"2020-03-06 23:30:00.000","1892"
"2020-03-07 00:30:00.000","1872"
"2020-03-07 01:30:00.000","1347"
"2020-03-07 02:30:00.000","1126"
"2020-03-07 03:30:00.000","806"
"2020-03-07 04:30:00.000","594"
"2020-03-07 05:30:00.000","683"
"2020-03-07 06:30:00.000","955"
"2020-03-07 07:30:00.000","988"
"2020-03-07 08:30:00.000","1547"
"2020-03-07 09:30:00.000","1549"
"2020-03-07 10:30:00.000","1502"
"2020-03-07 11:30:00.000","1593"
"2020-03-07 12:30:00.000","1861"
"2020-03-07 13:30:00.000","1307"
"2020-03-07 14:30:00.000","1163"
"2020-03-07 15:30:00.000","1237"
"2020-03-07 16:30:00.000","1245"
"2020-03-07 17:30:00.000","885"
"2020-03-07 18:30:00.000","1095"
"2020-03-07 19:30:00.000","661"
"2020-03-07 20:30:00.000","720"
"2020-03-07 21:30:00.000","713"
"2020-03-07 22:30:00.000","502"
"2020-03-07 23:30:00.000","824"
"2020-03-08 00:30:00.000","556"
"2020-03-08 01:30:00.000","447"
"2020-03-08 02:30:00.000","147"
"2020-03-08 03:30:00.000","200"
"2020-03-08 04:30:00.000","251"
"2020-03-08 05:30:00.000","407"
"2020-03-08 06:30:00.000","294"
"2020-03-08 07:30:00.000","306"
"2020-03-08 08:30:00.000","497"
"2020-03-08 09:30:00.000","929"
"2020-03-08 10:30:00.000","725"
"2020-03-08 11:30:00.000","782"
"2020-03-08 12:30:00.000","354"
"2020-03-08 13:30:00.000","803"
"2020-03-08 14:30:00.000","1135"
"2020-03-08 15:30:00.000","701"
"2020-03-08 16:30:00.000","1607"
"2020-03-08 17:30:00.000","1478"
"2020-03-08 18:30:00.000","790"
"2020-03-08 19:30:00.000","1171"
"2020-03-08 20:30:00.000","1600"
"2020-03-08 21:30:00.000","2097"
"2020-03-08 22:30:00.000","1560"
"2020-03-08 23:30:00.000","479"
"2020-03-09 00:00:00.000","479"
"2020-03-09 00:30:00.000","768"
"2020-03-09 01:30:00.000","426"
"2020-03-09 02:30:00.000","166"
"2020-03-09 03:30:00.000","362"
"2020-03-09 04:30:00.000","336"
"2020-03-09 05:30:00.000","1110"
"2020-03-09 06:30:00.000","2074"
"2020-03-09 07:30:00.000","4372"
"2020-03-09 08:30:00.000","14993"
"2020-03-09 09:30:00.000","29169"
"2020-03-09 10:30:00.000","44151"
"2020-03-09 11:30:00.000","58747"
"2020-03-09 12:30:00.000","40942"
"2020-03-09 13:30:00.000","35389"
"2020-03-09 14:30:00.000","32188"
"2020-03-09 15:30:00.000","26018"
"2020-03-09 16:30:00.000","27765"
"2020-03-09 17:30:00.000","20000"
"2020-03-09 18:30:00.000","13956"
"2020-03-09 19:30:00.000","8746"
"2020-03-09 20:30:00.000","5319"
"2020-03-09 21:30:00.000","3187"
"2020-03-09 22:30:00.000","2949"
"2020-03-09 23:30:00.000","1483"
"2020-03-10 00:30:00.000","1068"
"2020-03-10 01:30:00.000","447"
"2020-03-10 02:30:00.000","586"
"2020-03-10 03:30:00.000","469"
"2020-03-10 04:30:00.000","335"
"2020-03-10 05:30:00.000","1025"
"2020-03-10 06:30:00.000","993"
"2020-03-10 07:30:00.000","2598"
"2020-03-10 08:30:00.000","6496"
"2020-03-10 09:30:00.000","9988"
"2020-03-10 10:30:00.000","15011"
"2020-03-10 11:30:00.000","15342"
"2020-03-10 12:30:00.000","12343"
"2020-03-10 13:30:00.000","12062"
"2020-03-10 14:30:00.000","12934"
"2020-03-10 15:30:00.000","10550"
"2020-03-10 16:30:00.000","8496"
"2020-03-10 17:30:00.000","6816"
"2020-03-10 18:30:00.000","5233"
"2020-03-10 19:30:00.000","3874"
"2020-03-10 20:30:00.000","3035"
"2020-03-10 21:30:00.000","2517"
"2020-03-10 22:30:00.000","1407"
"2020-03-10 23:30:00.000","907"
"2020-03-11 00:30:00.000","773"
"2020-03-11 01:30:00.000","565"
"2020-03-11 02:30:00.000","416"
"2020-03-11 03:30:00.000","249"
"2020-03-11 04:30:00.000","321"
"2020-03-11 05:30:00.000","874"
"2020-03-11 06:30:00.000","1418"
"2020-03-11 07:30:00.000","3660"
"2020-03-11 08:30:00.000","10616"
"2020-03-11 09:30:00.000","19776"
"2020-03-11 10:30:00.000","31721"
"2020-03-11 11:30:00.000","37448"
"2020-03-11 12:30:00.000","25994"
"2020-03-11 13:30:00.000","30821"
"2020-03-11 14:30:00.000","27548"
"2020-03-11 15:30:00.000","22621"
"2020-03-11 16:30:00.000","25974"
"2020-03-11 17:30:00.000","21216"
"2020-03-11 18:30:00.000","14491"
"2020-03-11 19:30:00.000","8051"
"2020-03-11 20:30:00.000","4708"
"2020-03-11 21:30:00.000","3911"
"2020-03-11 22:30:00.000","2939"
"2020-03-11 23:30:00.000","1709"
"2020-03-12 00:30:00.000","965"
"2020-03-12 01:30:00.000","519"
"2020-03-12 02:30:00.000","987"
"2020-03-12 03:30:00.000","421"
"2020-03-12 04:30:00.000","308"
"2020-03-12 05:30:00.000","910"
"2020-03-12 06:30:00.000","1143"
"2020-03-12 07:30:00.000","2856"
"2020-03-12 08:30:00.000","1442"
"2020-03-12 09:30:00.000","21351"
"2020-03-12 10:30:00.000","36031"
"2020-03-12 11:30:00.000","39335"
"2020-03-12 12:30:00.000","43397"
"2020-03-12 13:30:00.000","45140"
"2020-03-12 14:30:00.000","31253"
"2020-03-12 15:30:00.000","30973"
"2020-03-12 16:30:00.000","27127"
"2020-03-12 17:30:00.000","21572"
"2020-03-12 18:30:00.000","18339"
"2020-03-12 19:30:00.000","11321"
"2020-03-12 20:30:00.000","6233"
"2020-03-12 21:30:00.000","4484"
"2020-03-12 22:30:00.000","3004"
"2020-03-12 23:30:00.000","2051"
"2020-03-13 00:30:00.000","917"
"2020-03-13 01:30:00.000","652"
"2020-03-13 02:30:00.000","425"
"2020-03-13 03:30:00.000","335"
"2020-03-13 04:30:00.000","379"
"2020-03-13 05:30:00.000","461"
"2020-03-13 06:30:00.000","1706"
"2020-03-13 07:30:00.000","4740"
"2020-03-13 08:30:00.000","12057"
"2020-03-13 09:30:00.000","23898"
"2020-03-13 10:30:00.000","39638"
"2020-03-13 11:30:00.000","38801"
"2020-03-13 12:30:00.000","28938"
"2020-03-13 13:30:00.000","29822"
"2020-03-13 14:30:00.000","31237"
"2020-03-13 15:30:00.000","30014"
"2020-03-13 16:30:00.000","25873"
"2020-03-13 17:30:00.000","19518"
"2020-03-13 18:30:00.000","16028"
"2020-03-13 19:30:00.000","11390"
"2020-03-13 20:30:00.000","6576"
"2020-03-13 21:30:00.000","4686"
"2020-03-13 22:30:00.000","2770"
"2020-03-13 23:30:00.000","1335"
"2020-03-14 00:30:00.000","679"
"2020-03-14 01:30:00.000","622"
"2020-03-14 02:30:00.000","424"
"2020-03-14 03:30:00.000","444"
"2020-03-14 04:30:00.000","348"
"2020-03-14 05:30:00.000","463"
"2020-03-14 06:30:00.000","494"
"2020-03-14 07:30:00.000","710"
"2020-03-14 08:30:00.000","1161"
"2020-03-14 09:30:00.000","1393"
"2020-03-14 10:30:00.000","1363"
"2020-03-14 11:30:00.000","1824"
"2020-03-14 12:30:00.000","1357"
"2020-03-14 13:30:00.000","1483"
"2020-03-14 14:30:00.000","1333"
"2020-03-14 15:30:00.000","1561"
"2020-03-14 16:30:00.000","1085"
"2020-03-14 17:30:00.000","1569"
"2020-03-14 18:30:00.000","1012"
"2020-03-14 19:30:00.000","590"
"2020-03-14 20:30:00.000","733"
"2020-03-14 21:30:00.000","669"
"2020-03-14 22:30:00.000","729"
"2020-03-14 23:30:00.000","369"
"2020-03-15 00:30:00.000","261"
"2020-03-15 01:30:00.000","289"
"2020-03-15 02:30:00.000","201"
"2020-03-15 03:30:00.000","102"
"2020-03-15 04:30:00.000","154"
"2020-03-15 05:30:00.000","129"
"2020-03-15 06:30:00.000","171"
"2020-03-15 07:30:00.000","712"
"2020-03-15 08:30:00.000","601"
"2020-03-15 09:30:00.000","1314"
"2020-03-15 10:30:00.000","810"
"2020-03-15 11:30:00.000","964"
"2020-03-15 12:30:00.000","1042"
"2020-03-15 13:30:00.000","1344"
"2020-03-15 14:30:00.000","1587"
"2020-03-15 15:30:00.000","1718"
"2020-03-15 16:30:00.000","1613"
"2020-03-15 17:30:00.000","1131"
"2020-03-15 18:30:00.000","1341"
"2020-03-15 19:30:00.000","841"
"2020-03-17 22:30:00.000","2899"
"2020-03-17 23:30:00.000","987"
"2020-03-18 00:30:00.000","1357"
"2020-03-18 01:30:00.000","543"
"2020-03-18 02:30:00.000","415"
"2020-03-18 03:30:00.000","204"
"2020-03-18 04:30:00.000","269"
"2020-03-18 05:30:00.000","534"
"2020-03-18 06:30:00.000","859"
"2020-03-18 07:30:00.000","3420"
"2020-03-18 08:30:00.000","10742"
"2020-03-18 09:30:00.000","19445"
"2020-03-18 10:30:00.000","26798"
"2020-03-18 11:30:00.000","39088"
"2020-03-18 12:30:00.000","31234"
"2020-03-18 13:30:00.000","25503"
"2020-03-18 14:30:00.000","23253"
"2020-03-18 15:30:00.000","22987"
"2020-03-18 16:30:00.000","19517"
"2020-03-18 17:30:00.000","15856"
"2020-03-18 18:30:00.000","19193"
"2020-03-18 19:30:00.000","20977"
"2020-03-18 20:30:00.000","9378"
"2020-03-18 21:30:00.000","4778"
"2020-03-18 22:30:00.000","4535"
"2020-03-18 23:30:00.000","2481"
"2020-03-19 00:30:00.000","1191"
"2020-03-19 01:30:00.000","674"
"2020-03-19 02:30:00.000","408"
"2020-03-19 03:30:00.000","254"
"2020-03-19 04:30:00.000","448"
"2020-03-19 05:30:00.000","707"
"2020-03-19 06:30:00.000","1178"
"2020-03-19 07:30:00.000","3289"
"2020-03-19 08:30:00.000","8250"
"2020-03-19 09:30:00.000","16639"
"2020-03-19 10:30:00.000","29475"
"2020-03-19 11:30:00.000","44897"
"2020-03-19 12:30:00.000","43432"
"2020-03-19 13:30:00.000","30688"
"2020-03-19 14:30:00.000","25987"
"2020-03-19 15:30:00.000","20885"
"2020-03-19 16:30:00.000","19575"
"2020-03-19 17:30:00.000","16740"
"2020-03-19 18:30:00.000","15511"
"2020-03-19 19:30:00.000","11000"
"2020-03-19 20:30:00.000","7560"
"2020-03-19 21:30:00.000","6047"
"2020-03-19 22:30:00.000","4509"
"2020-03-19 23:30:00.000","2041"
"2020-03-20 00:30:00.000","1450"
"2020-03-20 01:30:00.000","733"
"2020-03-20 02:30:00.000","462"
"2020-03-20 03:30:00.000","138"
"2020-03-20 04:30:00.000","334"
"2020-03-20 05:30:00.000","955"
"2020-03-20 06:30:00.000","1524"
"2020-03-20 07:30:00.000","4759"
"2020-03-20 08:30:00.000","11150"
"2020-03-20 09:30:00.000","27329"
"2020-03-20 10:30:00.000","35937"
"2020-03-20 11:30:00.000","36806"
"2020-03-20 12:30:00.000","26442"
"2020-03-20 13:30:00.000","24379"
"2020-03-20 14:30:00.000","29888"
"2020-03-20 15:30:00.000","29098"
"2020-03-20 16:30:00.000","25680"
"2020-03-20 17:30:00.000","21904"
"2020-03-20 18:30:00.000","17333"
"2020-03-20 19:30:00.000","12026"
"2020-03-20 20:30:00.000","7882"
"2020-03-20 21:30:00.000","4187"
"2020-03-20 22:30:00.000","3190"
"2020-03-20 23:30:00.000","1622"
"2020-03-21 00:30:00.000","810"
"2020-03-21 01:30:00.000","832"
"2020-03-21 02:30:00.000","699"
"2020-03-21 03:30:00.000","303"
"2020-03-21 04:30:00.000","279"
"2020-03-21 05:30:00.000","480"
"2020-03-21 06:30:00.000","387"
"2020-03-21 07:30:00.000","540"
"2020-03-21 08:30:00.000","932"
"2020-03-21 09:30:00.000","1545"
"2020-03-21 10:30:00.000","2116"
"2020-03-21 11:30:00.000","2417"
"2020-03-21 12:30:00.000","1980"
"2020-03-21 13:30:00.000","1816"
"2020-03-21 14:30:00.000","2104"
"2020-03-21 15:30:00.000","2653"
"2020-03-21 16:30:00.000","1643"
"2020-03-21 17:30:00.000","1501"
"2020-03-21 18:30:00.000","1654"
"2020-03-21 19:30:00.000","1356"
"2020-03-21 20:30:00.000","1406"
"2020-03-21 21:30:00.000","1121"
"2020-03-21 22:30:00.000","1449"
"2020-03-21 23:30:00.000","815"
"2020-03-22 00:30:00.000","191"
"2020-03-22 01:30:00.000","122"
"2020-03-22 02:30:00.000","168"
"2020-03-22 03:30:00.000","66"
"2020-03-22 04:30:00.000","82"
"2020-03-22 05:30:00.000","70"
"2020-03-22 06:30:00.000","199"
"2020-03-22 07:30:00.000","1128"
"2020-03-22 08:30:00.000","1044"
"2020-03-22 09:30:00.000","1416"
"2020-03-22 10:30:00.000","2230"
"2020-03-22 11:30:00.000","2188"
"2020-03-22 12:30:00.000","3130"
"2020-03-22 13:30:00.000","1309"
"2020-03-22 14:30:00.000","1725"
"2020-03-22 15:30:00.000","1925"
"2020-03-22 16:30:00.000","1309"
"2020-03-22 17:30:00.000","2572"
"2020-03-22 18:30:00.000","2206"
"2020-03-22 19:30:00.000","3076"
"2020-03-22 20:30:00.000","2079"
"2020-03-22 21:30:00.000","2038"
"2020-03-22 22:30:00.000","2194"
"2020-03-22 23:30:00.000","1750"
"2020-03-23 00:00:00.000","1750"
"2020-03-23 00:30:00.000","861"
"2020-03-23 01:30:00.000","607"
"2020-03-23 02:30:00.000","43"
"2020-03-23 03:30:00.000","142"
"2020-03-23 04:30:00.000","269"
"2020-03-23 05:30:00.000","706"
"2020-03-23 06:30:00.000","2275"
"2020-03-23 07:30:00.000","4930"
"2020-03-23 08:30:00.000","15459"
"2020-03-23 09:30:00.000","27934"
"2020-03-23 10:30:00.000","33592"
"2020-03-23 11:30:00.000","32651"
"2020-03-23 12:30:00.000","31691"
"2020-03-23 13:30:00.000","19544"
"2020-03-23 14:30:00.000","27898"
"2020-03-23 15:30:00.000","27535"
"2020-03-23 16:30:00.000","22721"
"2020-03-23 17:30:00.000","21229"
"2020-03-23 18:30:00.000","15291"
"2020-03-23 19:30:00.000","12236"
"2020-03-23 20:30:00.000","7623"
"2020-03-23 21:30:00.000","5929"
"2020-03-23 22:30:00.000","3742"
"2020-03-23 23:30:00.000","1531"
"2020-03-24 00:30:00.000","1462"
"2020-03-24 01:30:00.000","806"
"2020-03-24 02:30:00.000","311"
"2020-03-24 03:30:00.000","270"
"2020-03-24 04:30:00.000","245"
"2020-03-24 05:30:00.000","596"
"2020-03-24 06:30:00.000","1461"
"2020-03-24 07:30:00.000","3471"
"2020-03-24 08:30:00.000","9593"
"2020-03-24 09:30:00.000","22149"
"2020-03-24 10:30:00.000","30571"
"2020-03-24 11:30:00.000","30508"
"2020-03-24 12:30:00.000","23310"
"2020-03-24 13:30:00.000","21317"
"2020-03-24 14:30:00.000","21843"
"2020-03-24 15:30:00.000","33043"
"2020-03-24 16:30:00.000","19201"
"2020-03-24 17:30:00.000","13313"
"2020-03-24 18:30:00.000","16533"
"2020-03-24 19:30:00.000","9103"
"2020-03-24 20:30:00.000","6809"
"2020-03-24 21:30:00.000","5999"
"2020-03-24 22:30:00.000","4673"
"2020-03-24 23:30:00.000","2486"
"2020-03-25 00:30:00.000","2066"
"2020-03-25 01:30:00.000","853"
"2020-03-25 02:30:00.000","275"
"2020-03-25 03:30:00.000","173"
"2020-03-25 04:30:00.000","326"
"2020-03-25 05:30:00.000","398"
"2020-03-25 06:30:00.000","1243"
"2020-03-25 07:30:00.000","1576"
"2020-03-25 08:30:00.000","2701"
"2020-03-25 09:30:00.000","4674"
"2020-03-25 10:30:00.000","8026"
"2020-03-25 11:30:00.000","8184"
"2020-03-25 12:30:00.000","7854"
"2020-03-25 13:30:00.000","7023"
"2020-03-25 14:30:00.000","8121"
"2020-03-25 15:30:00.000","7881"
"2020-03-25 16:30:00.000","7016"
"2020-03-25 17:30:00.000","5755"
"2020-03-25 18:30:00.000","6303"
"2020-03-25 19:30:00.000","4606"
"2020-03-25 20:30:00.000","4796"
"2020-03-25 21:30:00.000","3643"
"2020-03-25 22:30:00.000","3305"
"2020-03-25 23:30:00.000","1204"
"2020-03-26 00:30:00.000","904"
"2020-03-26 01:30:00.000","697"
"2020-03-26 02:30:00.000","234"
"2020-03-26 03:30:00.000","126"
"2020-03-26 04:30:00.000","318"
"2020-03-26 05:30:00.000","457"
"2020-03-26 06:30:00.000","930"
"2020-03-26 07:30:00.000","3383"
"2020-03-26 08:30:00.000","12443"
"2020-03-26 09:30:00.000","23001"
"2020-03-26 10:30:00.000","36445"
"2020-03-26 11:30:00.000","35722"
"2020-03-26 12:30:00.000","28641"
"2020-03-26 13:30:00.000","20600"
"2020-03-26 14:30:00.000","23239"
"2020-03-26 15:30:00.000","21242"
"2020-03-26 16:30:00.000","31738"
"2020-03-26 17:30:00.000","18223"
"2020-03-26 18:30:00.000","16794"
"2020-03-26 19:30:00.000","11800"
"2020-03-26 20:30:00.000","45328"
"2020-03-26 21:30:00.000","71925"
"2020-03-26 22:30:00.000","27066"
"2020-03-26 23:30:00.000","2218"
"2020-03-27 00:30:00.000","731"
"2020-03-27 01:30:00.000","753"
"2020-03-27 02:30:00.000","469"
"2020-03-27 03:30:00.000","203"
"2020-03-27 04:30:00.000","221"
"2020-03-27 05:30:00.000","522"
"2020-03-27 06:30:00.000","1326"
"2020-03-27 07:30:00.000","3045"
"2020-03-27 08:30:00.000","8697"
"2020-03-27 09:30:00.000","17413"
"2020-03-27 10:30:00.000","26461"
"2020-03-27 11:30:00.000","27261"
"2020-03-27 12:30:00.000","22972"
"2020-03-27 13:30:00.000","17923"
"2020-03-27 14:30:00.000","21636"
"2020-03-27 15:30:00.000","20036"
"2020-03-27 16:30:00.000","16867"
"2020-03-27 17:30:00.000","15984"
"2020-03-27 18:30:00.000","14059"
"2020-03-27 19:30:00.000","9762"
"2020-03-27 20:30:00.000","6876"
"2020-03-27 21:30:00.000","4484"
"2020-03-27 22:30:00.000","3123"
"2020-03-27 23:30:00.000","2196"
"2020-03-28 00:30:00.000","1204"
"2020-03-28 01:30:00.000","577"
"2020-03-28 02:30:00.000","286"
"2020-03-28 03:30:00.000","111"
"2020-03-28 04:30:00.000","234"
"2020-03-28 05:30:00.000","278"
"2020-03-28 06:30:00.000","429"
"2020-03-28 07:30:00.000","438"
"2020-03-28 08:30:00.000","697"
"2020-03-28 09:30:00.000","1700"
"2020-03-28 10:30:00.000","3726"
"2020-03-28 11:30:00.000","2680"
"2020-03-28 12:30:00.000","2331"
"2020-03-28 13:30:00.000","2231"
"2020-03-28 14:30:00.000","1213"
"2020-03-28 15:30:00.000","1947"
"2020-03-28 16:30:00.000","1514"
"2020-03-28 17:30:00.000","2064"
"2020-03-28 18:30:00.000","2239"
"2020-03-28 19:30:00.000","2308"
"2020-03-28 20:30:00.000","1591"
"2020-03-28 21:30:00.000","1832"
"2020-03-28 22:30:00.000","1263"
"2020-03-28 23:30:00.000","785"
"2020-03-29 00:30:00.000","213"
"2020-03-29 01:30:00.000","323"
"2020-03-29 02:30:00.000","300"
"2020-03-29 03:30:00.000","60"
"2020-03-29 04:30:00.000","89"
"2020-03-29 05:30:00.000","208"
"2020-03-29 06:30:00.000","268"
"2020-03-29 07:30:00.000","543"
"2020-03-29 08:30:00.000","643"
"2020-03-29 09:30:00.000","1692"
"2020-03-29 10:30:00.000","2614"
"2020-03-29 11:30:00.000","1985"
"2020-03-29 12:30:00.000","2046"
"2020-03-29 13:30:00.000","1970"
"2020-03-29 14:30:00.000","2512"
"2020-03-29 15:30:00.000","3332"
"2020-03-29 16:30:00.000","1876"
"2020-03-29 17:30:00.000","3074"
"2020-03-29 18:30:00.000","3777"
"2020-03-29 19:30:00.000","3264"
"2020-03-29 20:30:00.000","1939"
"2020-03-29 21:30:00.000","1929"
"2020-03-29 22:30:00.000","1527"
"2020-03-29 23:30:00.000","870"
"2020-03-30 00:00:00.000","870"
"2020-03-30 00:30:00.000","345"
"2020-03-30 01:30:00.000","308"
"2020-03-30 02:30:00.000","168"
"2020-03-30 03:30:00.000","108"
"2020-03-30 04:30:00.000","117"
"2020-03-30 05:30:00.000","484"
"2020-03-30 06:30:00.000","1169"
"2020-03-30 07:30:00.000","3862"
"2020-03-30 08:30:00.000","12665"
"2020-03-30 09:30:00.000","22055"
"2020-03-30 10:30:00.000","26388"
"2020-03-30 11:30:00.000","30658"
"2020-03-30 12:30:00.000","25011"
"2020-03-30 13:30:00.000","18613"
"2020-03-30 14:30:00.000","19403"
"2020-03-30 15:30:00.000","19646"
"2020-03-30 16:30:00.000","15926"
"2020-03-30 17:30:00.000","17352"
"2020-03-30 18:30:00.000","11527"
"2020-03-30 19:30:00.000","9631"
"2020-03-30 20:30:00.000","6416"
"2020-03-30 21:30:00.000","5375"
"2020-03-30 22:30:00.000","4036"
"2020-03-30 23:30:00.000","3034"
"2020-03-31 00:30:00.000","1349"
"2020-03-31 01:30:00.000","377"
"2020-03-31 02:30:00.000","250"
"2020-03-31 03:30:00.000","146"
"2020-03-31 04:30:00.000","158"
"2020-03-31 05:30:00.000","550"
"2020-03-31 06:30:00.000","1174"
"2020-03-31 07:30:00.000","3727"
"2020-03-31 08:30:00.000","10757"
"2020-03-31 09:30:00.000","19057"
"2020-03-31 10:30:00.000","24905"
"2020-03-31 11:30:00.000","26510"
"2020-03-31 12:30:00.000","17534"
"2020-03-31 13:30:00.000","15032"
"2020-03-31 14:30:00.000","15320"
"2020-03-31 15:30:00.000","11586"
"2020-03-31 16:30:00.000","10116"
"2020-03-31 17:30:00.000","9204"
"2020-03-31 18:30:00.000","13500"
"2020-03-31 19:30:00.000","8242"
"2020-03-31 20:30:00.000","6512"
"2020-03-31 21:30:00.000","5784"
"2020-03-31 22:30:00.000","2913"
"2020-03-31 23:30:00.000","2265"
"2020-04-01 00:30:00.000","1063"
"2020-04-01 01:30:00.000","568"
"2020-04-01 02:30:00.000","312"
"2020-04-01 03:30:00.000","194"
"2020-04-01 04:30:00.000","417"
"2020-04-01 05:30:00.000","1144"
"2020-04-01 06:30:00.000","1747"
"2020-04-01 07:30:00.000","4125"
"2020-04-01 08:30:00.000","11039"
"2020-04-01 09:30:00.000","16242"
"2020-04-01 10:30:00.000","23299"
"2020-04-01 11:30:00.000","21166"
"2020-04-01 12:30:00.000","18338"
"2020-04-01 13:30:00.000","16011"
"2020-04-01 14:30:00.000","16312"
"2020-04-01 15:30:00.000","17052"
"2020-04-01 16:30:00.000","14444"
"2020-04-01 17:30:00.000","11891"
"2020-04-01 18:30:00.000","9741"
"2020-04-01 19:30:00.000","8192"
"2020-04-01 20:30:00.000","6489"
"2020-04-01 21:30:00.000","4422"
"2020-04-01 22:30:00.000","3277"
"2020-04-01 23:30:00.000","2403"
"2020-04-02 00:30:00.000","1318"
"2020-04-02 01:30:00.000","1135"
"2020-04-02 02:30:00.000","565"
"2020-04-02 03:30:00.000","637"
"2020-04-02 04:30:00.000","597"
"2020-04-02 05:30:00.000","935"
"2020-04-02 06:30:00.000","1675"
"2020-04-02 07:30:00.000","3642"
"2020-04-02 08:30:00.000","8355"
"2020-04-02 09:30:00.000","15906"
"2020-04-02 10:30:00.000","23372"
"2020-04-02 11:30:00.000","22681"
"2020-04-02 12:30:00.000","20101"
"2020-04-02 13:30:00.000","17137"
"2020-04-02 14:30:00.000","16217"
"2020-04-02 15:30:00.000","15765"
"2020-04-02 16:30:00.000","13985"
"2020-04-02 17:30:00.000","12782"
"2020-04-02 18:30:00.000","10800"
"2020-04-02 19:30:00.000","7957"
"2020-04-02 20:30:00.000","5416"
"2020-04-02 21:30:00.000","5584"
"2020-04-02 22:30:00.000","3119"
"2020-04-02 23:30:00.000","1971"
"2020-04-03 00:30:00.000","923"
"2020-04-03 01:30:00.000","768"
"2020-04-03 02:30:00.000","414"
"2020-04-03 03:30:00.000","516"
"2020-04-03 04:30:00.000","283"
"2020-04-03 05:30:00.000","1025"
"2020-04-03 06:30:00.000","1654"
"2020-04-03 07:30:00.000","3882"
"2020-04-03 08:30:00.000","8992"
"2020-04-03 09:30:00.000","18424"
"2020-04-03 10:30:00.000","27996"
"2020-04-03 11:30:00.000","25627"
"2020-04-03 12:30:00.000","21416"
"2020-04-03 13:30:00.000","21317"
"2020-04-03 14:30:00.000","20564"
"2020-04-03 15:30:00.000","17031"
"2020-04-03 16:30:00.000","19044"
"2020-04-03 17:30:00.000","34520"
"2020-04-03 18:30:00.000","16643"
"2020-04-03 19:30:00.000","11109"
"2020-04-03 20:30:00.000","7732"
"2020-04-03 21:30:00.000","5262"
"2020-04-03 22:30:00.000","3363"
"2020-04-03 23:30:00.000","1509"
"2020-04-04 00:30:00.000","1141"
"2020-04-04 01:30:00.000","692"
"2020-04-04 02:30:00.000","344"
"2020-04-04 03:30:00.000","155"
"2020-04-04 04:30:00.000","280"
"2020-04-04 05:30:00.000","450"
"2020-04-04 06:30:00.000","661"
"2020-04-04 07:30:00.000","550"
"2020-04-04 08:30:00.000","948"
"2020-04-04 09:30:00.000","2034"
"2020-04-04 10:30:00.000","2457"
"2020-04-04 11:30:00.000","2848"
"2020-04-04 12:30:00.000","2418"
"2020-04-04 13:30:00.000","1502"
"2020-04-04 14:30:00.000","2127"
"2020-04-04 15:30:00.000","2546"
"2020-04-04 16:30:00.000","2302"
"2020-04-04 17:30:00.000","1879"
"2020-04-04 18:30:00.000","1844"
"2020-04-04 19:30:00.000","2388"
"2020-04-04 20:30:00.000","1507"
"2020-04-04 21:30:00.000","1140"
"2020-04-04 22:30:00.000","1002"
"2020-04-04 23:30:00.000","443"
"2020-04-05 00:30:00.000","393"
"2020-04-05 01:30:00.000","356"
"2020-04-05 02:30:00.000","56"
"2020-04-05 03:30:00.000","153"
"2020-04-05 04:30:00.000","60"
"2020-04-05 05:30:00.000","252"
"2020-04-05 06:30:00.000","409"
"2020-04-05 07:30:00.000","446"
"2020-04-05 08:30:00.000","854"
"2020-04-05 09:30:00.000","1370"
"2020-04-05 10:30:00.000","2076"
"2020-04-05 11:30:00.000","1572"
"2020-04-05 12:30:00.000","1404"
"2020-04-05 13:30:00.000","1748"
"2020-04-05 14:30:00.000","1874"
"2020-04-05 15:30:00.000","2857"
"2020-04-05 16:30:00.000","2096"
"2020-04-05 17:30:00.000","2318"
"2020-04-05 18:30:00.000","3093"
"2020-04-05 19:30:00.000","2263"
"2020-04-05 20:30:00.000","1484"
"2020-04-05 21:30:00.000","1972"
"2020-04-05 22:30:00.000","2611"
"2020-04-05 23:30:00.000","1564"
"2020-04-06 00:00:00.000","1564"
"2020-04-06 00:30:00.000","687"
"2020-04-06 01:30:00.000","413"
"2020-04-06 02:30:00.000","186"
"2020-04-06 03:30:00.000","150"
"2020-04-06 04:30:00.000","200"
"2020-04-06 05:30:00.000","1307"
"2020-04-06 06:30:00.000","2574"
"2020-04-06 07:30:00.000","7088"
"2020-04-06 08:30:00.000","19513"
"2020-04-06 09:30:00.000","43529"
"2020-04-06 10:30:00.000","42640"
"2020-04-06 11:30:00.000","39284"
"2020-04-06 12:30:00.000","31054"
"2020-04-06 13:30:00.000","24897"
"2020-04-06 14:30:00.000","23735"
"2020-04-06 15:30:00.000","21590"
"2020-04-06 16:30:00.000","24749"
"2020-04-06 17:30:00.000","22536"
"2020-04-06 18:30:00.000","17715"
"2020-04-06 19:30:00.000","13825"
"2020-04-06 20:30:00.000","8337"
"2020-04-06 21:30:00.000","5564"
"2020-04-06 22:30:00.000","4607"
"2020-04-06 23:30:00.000","2348"
"2020-04-07 00:30:00.000","1776"
"2020-04-07 01:30:00.000","822"
"2020-04-07 02:30:00.000","911"
"2020-04-07 03:30:00.000","524"
"2020-04-07 04:30:00.000","452"
"2020-04-07 05:30:00.000","683"
"2020-04-07 06:30:00.000","1572"
"2020-04-07 07:30:00.000","4119"
"2020-04-07 08:30:00.000","11320"
"2020-04-07 09:30:00.000","20380"
"2020-04-07 10:30:00.000","25696"
"2020-04-07 11:30:00.000","27885"
"2020-04-07 12:30:00.000","23566"
"2020-04-07 13:30:00.000","19874"
"2020-04-07 14:30:00.000","24228"
"2020-04-07 15:30:00.000","24212"
"2020-04-07 16:30:00.000","36839"
"2020-04-07 17:30:00.000","23690"
"2020-04-07 18:30:00.000","15000"
"2020-04-07 19:30:00.000","11422"
"2020-04-07 20:30:00.000","7121"
"2020-04-07 21:30:00.000","5779"
"2020-04-07 22:30:00.000","3609"
"2020-04-07 23:30:00.000","1962"
"2020-04-08 00:30:00.000","1197"
"2020-04-08 01:30:00.000","689"
"2020-04-08 02:30:00.000","321"
"2020-04-08 03:30:00.000","339"
"2020-04-08 04:30:00.000","462"
"2020-04-08 05:30:00.000","884"
"2020-04-08 06:30:00.000","1588"
"2020-04-08 07:30:00.000","3282"
"2020-04-08 08:30:00.000","9702"
"2020-04-08 09:30:00.000","17102"
"2020-04-08 10:30:00.000","23967"
"2020-04-08 11:30:00.000","24379"
"2020-04-08 12:30:00.000","21027"
"2020-04-08 13:30:00.000","18077"
"2020-04-08 14:30:00.000","19638"
"2020-04-08 15:30:00.000","16102"
"2020-04-08 16:30:00.000","17086"
"2020-04-08 17:30:00.000","13862"
"2020-04-08 18:30:00.000","12298"
"2020-04-08 19:30:00.000","9415"
"2020-04-08 20:30:00.000","4994"
"2020-04-08 21:30:00.000","4501"
"2020-04-08 22:30:00.000","3363"
"2020-04-08 23:30:00.000","2421"
"2020-04-09 00:30:00.000","1203"
"2020-04-09 01:30:00.000","841"
"2020-04-09 02:30:00.000","762"
"2020-04-09 03:30:00.000","388"
"2020-04-09 04:30:00.000","267"
"2020-04-09 05:30:00.000","655"
"2020-04-09 06:30:00.000","1429"
"2020-04-09 07:30:00.000","2784"
"2020-04-09 08:30:00.000","7882"
"2020-04-09 09:30:00.000","13688"
"2020-04-09 10:30:00.000","20513"
"2020-04-09 11:30:00.000","34689"
"2020-04-09 12:30:00.000","26282"
"2020-04-09 13:30:00.000","16120"
"2020-04-09 14:30:00.000","14564"
"2020-04-09 15:30:00.000","19536"
"2020-04-09 16:30:00.000","19319"
"2020-04-09 17:30:00.000","16546"
"2020-04-09 18:30:00.000","13888"
"2020-04-09 19:30:00.000","11405"
"2020-04-09 20:30:00.000","6101"
"2020-04-09 21:30:00.000","5095"
"2020-04-09 22:30:00.000","2781"
"2020-04-09 23:30:00.000","1877"
"2020-04-10 00:30:00.000","1186"
"2020-04-10 01:30:00.000","904"
"2020-04-10 02:30:00.000","585"
"2020-04-10 03:30:00.000","371"
"2020-04-10 04:30:00.000","566"
"2020-04-10 05:30:00.000","604"
"2020-04-10 06:30:00.000","1348"
"2020-04-10 07:30:00.000","3573"
"2020-04-10 08:30:00.000","9534"
"2020-04-10 09:30:00.000","18572"
"2020-04-10 10:30:00.000","24206"
"2020-04-10 11:30:00.000","25455"
"2020-04-10 12:30:00.000","26366"
"2020-04-10 13:30:00.000","28160"
"2020-04-10 14:30:00.000","18207"
"2020-04-10 15:30:00.000","19172"
"2020-04-10 16:30:00.000","20564"
"2020-04-10 17:30:00.000","18093"
"2020-04-10 18:30:00.000","17418"
"2020-04-10 19:30:00.000","14573"
"2020-04-10 20:30:00.000","9479"
"2020-04-10 21:30:00.000","6205"
"2020-04-10 22:30:00.000","4262"
"2020-04-10 23:30:00.000","1775"
"2020-04-11 00:30:00.000","1277"
"2020-04-11 01:30:00.000","1013"
"2020-04-11 02:30:00.000","427"
"2020-04-11 03:30:00.000","358"
"2020-04-11 04:30:00.000","193"
"2020-04-11 05:30:00.000","537"
"2020-04-11 06:30:00.000","871"
"2020-04-11 07:30:00.000","843"
"2020-04-11 08:30:00.000","1491"
"2020-04-11 09:30:00.000","2191"
"2020-04-11 10:30:00.000","3006"
"2020-04-11 11:30:00.000","3971"
"2020-04-11 12:30:00.000","2512"
"2020-04-11 13:30:00.000","2308"
"2020-04-11 14:30:00.000","2454"
"2020-04-11 15:30:00.000","1768"
"2020-04-11 16:30:00.000","1968"
"2020-04-11 17:30:00.000","1910"
"2020-04-11 18:30:00.000","2461"
"2020-04-11 19:30:00.000","2026"
"2020-04-11 20:30:00.000","1868"
"2020-04-11 21:30:00.000","1735"
"2020-04-11 22:30:00.000","1169"
"2020-04-11 23:30:00.000","1291"
"2020-04-12 00:30:00.000","669"
"2020-04-12 01:30:00.000","98"
"2020-04-12 02:30:00.000","124"
"2020-04-12 03:30:00.000","148"
"2020-04-12 04:30:00.000","144"
"2020-04-12 05:30:00.000","296"
"2020-04-12 06:30:00.000","214"
"2020-04-12 07:30:00.000","851"
"2020-04-12 08:30:00.000","696"
"2020-04-12 09:30:00.000","1400"
"2020-04-12 10:30:00.000","2043"
"2020-04-12 11:30:00.000","2962"
"2020-04-12 12:30:00.000","2186"
"2020-04-12 13:30:00.000","1408"
"2020-04-12 14:30:00.000","1942"
"2020-04-12 15:30:00.000","1573"
"2020-04-12 16:30:00.000","2079"
"2020-04-12 17:30:00.000","2152"
"2020-04-12 18:30:00.000","3790"
"2020-04-12 19:30:00.000","3041"
"2020-04-12 20:30:00.000","2878"
"2020-04-12 21:30:00.000","1663"
"2020-04-12 22:30:00.000","1633"
"2020-04-12 23:30:00.000","1651"
"2020-04-13 00:00:00.000","1651"
"2020-04-13 00:30:00.000","736"
"2020-04-13 01:30:00.000","547"
"2020-04-13 02:30:00.000","574"
"2020-04-13 03:30:00.000","260"
"2020-04-13 04:30:00.000","255"
"2020-04-13 05:30:00.000","1038"
"2020-04-13 06:30:00.000","1787"
"2020-04-13 07:30:00.000","7542"
"2020-04-13 08:30:00.000","18376"
"2020-04-13 09:30:00.000","26717"
"2020-04-13 10:30:00.000","25006"
"2020-04-13 11:30:00.000","23703"
"2020-04-13 12:30:00.000","26237"
"2020-04-13 13:30:00.000","27790"
"2020-04-13 14:30:00.000","22200"
"2020-04-13 15:30:00.000","20543"
"2020-04-13 16:30:00.000","20165"
"2020-04-13 17:30:00.000","23458"
"2020-04-13 18:30:00.000","18842"
"2020-04-13 19:30:00.000","16251"
"2020-04-13 20:30:00.000","11500"
"2020-04-13 21:30:00.000","8584"
"2020-04-13 22:30:00.000","5688"
"2020-04-13 23:30:00.000","3167"
"2020-04-14 00:30:00.000","1340"
"2020-04-14 01:30:00.000","1076"
"2020-04-14 02:30:00.000","773"
"2020-04-14 03:30:00.000","393"
"2020-04-14 04:30:00.000","957"
"2020-04-14 05:30:00.000","1256"
"2020-04-14 06:30:00.000","1964"
"2020-04-14 07:30:00.000","4519"
"2020-04-14 08:30:00.000","13505"
"2020-04-14 09:30:00.000","24248"
"2020-04-14 10:30:00.000","37889"
"2020-04-14 11:30:00.000","46602"
"2020-04-14 12:30:00.000","31719"
"2020-04-14 13:30:00.000","35777"
"2020-04-14 14:30:00.000","30495"
"2020-04-14 15:30:00.000","27855"
"2020-04-14 16:30:00.000","25514"
"2020-04-14 17:30:00.000","17094"
"2020-04-14 18:30:00.000","14003"
"2020-04-14 19:30:00.000","12191"
"2020-04-14 20:30:00.000","8856"
"2020-04-14 21:30:00.000","5862"
"2020-04-14 22:30:00.000","3771"
"2020-04-14 23:30:00.000","2193"
"2020-04-15 00:30:00.000","1660"
"2020-04-15 01:30:00.000","1188"
"2020-04-15 02:30:00.000","449"
"2020-04-15 03:30:00.000","294"
"2020-04-15 04:30:00.000","632"
"2020-04-15 05:30:00.000","853"
"2020-04-15 06:30:00.000","2062"
"2020-04-15 07:30:00.000","3405"
"2020-04-15 08:30:00.000","10317"
"2020-04-15 09:30:00.000","22159"
"2020-04-15 10:30:00.000","28458"
"2020-04-15 11:30:00.000","34224"
"2020-04-15 12:30:00.000","29846"
"2020-04-15 13:30:00.000","25970"
"2020-04-15 14:30:00.000","29167"
"2020-04-15 15:30:00.000","32246"
"2020-04-15 16:30:00.000","28092"
"2020-04-15 17:30:00.000","21104"
"2020-04-15 18:30:00.000","19362"
"2020-04-15 19:30:00.000","13049"
"2020-04-15 20:30:00.000","9898"
"2020-04-15 21:30:00.000","5904"
"2020-04-15 22:30:00.000","4271"
"2020-04-15 23:30:00.000","1965"
"2020-04-16 00:30:00.000","934"
"2020-04-16 01:30:00.000","727"
"2020-04-16 02:30:00.000","552"
"2020-04-16 03:30:00.000","276"
"2020-04-16 04:30:00.000","376"
"2020-04-16 05:30:00.000","492"
"2020-04-16 06:30:00.000","1056"
"2020-04-16 07:30:00.000","4482"
"2020-04-16 08:30:00.000","9827"
"2020-04-16 09:30:00.000","20579"
"2020-04-16 10:30:00.000","38324"
"2020-04-16 11:30:00.000","41784"
"2020-04-16 12:30:00.000","30283"
"2020-04-16 13:30:00.000","25418"
"2020-04-16 14:30:00.000","26499"
"2020-04-16 15:30:00.000","26785"
"2020-04-16 16:30:00.000","28928"
"2020-04-16 17:30:00.000","19774"
"2020-04-16 18:30:00.000","17164"
"2020-04-16 19:30:00.000","14126"
"2020-04-16 20:30:00.000","9462"
"2020-04-16 21:30:00.000","5922"
"2020-04-16 22:30:00.000","3334"
"2020-04-16 23:30:00.000","2603"
"2020-04-17 00:30:00.000","1129"
"2020-04-17 01:30:00.000","809"
"2020-04-17 02:30:00.000","511"
"2020-04-17 03:30:00.000","217"
"2020-04-17 04:30:00.000","215"
"2020-04-17 05:30:00.000","826"
"2020-04-17 06:30:00.000","1202"
"2020-04-17 07:30:00.000","3681"
"2020-04-17 08:30:00.000","10966"
"2020-04-17 09:30:00.000","19829"
"2020-04-17 10:30:00.000","43896"
"2020-04-17 11:30:00.000","51008"
"2020-04-17 12:30:00.000","39384"
"2020-04-17 13:30:00.000","32206"
"2020-04-17 14:30:00.000","30979"
"2020-04-17 15:30:00.000","29397"
"2020-04-17 16:30:00.000","26569"
"2020-04-17 17:30:00.000","23207"
"2020-04-17 18:30:00.000","19517"
"2020-04-17 19:30:00.000","13272"
"2020-04-17 20:30:00.000","10214"
"2020-04-17 21:30:00.000","19979"
"2020-04-17 22:30:00.000","11921"
"2020-04-17 23:30:00.000","2263"
"2020-04-18 00:30:00.000","851"
"2020-04-18 01:30:00.000","652"
"2020-04-18 02:30:00.000","214"
"2020-04-18 03:30:00.000","206"
"2020-04-18 04:30:00.000","362"
"2020-04-18 05:30:00.000","524"
"2020-04-18 06:30:00.000","652"
"2020-04-18 07:30:00.000","1107"
"2020-04-18 08:30:00.000","1279"
"2020-04-18 09:30:00.000","2433"
"2020-04-18 10:30:00.000","2994"
"2020-04-18 11:30:00.000","4490"
"2020-04-18 12:30:00.000","2123"
"2020-04-18 13:30:00.000","2644"
"2020-04-18 14:30:00.000","2688"
"2020-04-18 15:30:00.000","3397"
"2020-04-18 16:30:00.000","3140"
"2020-04-18 17:30:00.000","1980"
"2020-04-18 18:30:00.000","2543"
"2020-04-18 19:30:00.000","2092"
"2020-04-18 20:30:00.000","1976"
"2020-04-18 21:30:00.000","1506"
"2020-04-18 22:30:00.000","1654"
"2020-04-18 23:30:00.000","681"
"2020-04-19 00:30:00.000","723"
"2020-04-19 01:30:00.000","202"
"2020-04-19 02:30:00.000","100"
"2020-04-19 03:30:00.000","103"
"2020-04-19 04:30:00.000","59"
"2020-04-19 05:30:00.000","198"
"2020-04-19 06:30:00.000","528"
"2020-04-19 07:30:00.000","905"
"2020-04-19 08:30:00.000","1004"
"2020-04-19 09:30:00.000","1259"
"2020-04-19 10:30:00.000","1884"
"2020-04-19 11:30:00.000","2508"
"2020-04-19 12:30:00.000","1887"
"2020-04-19 13:30:00.000","2274"
"2020-04-19 14:30:00.000","1935"
"2020-04-19 15:30:00.000","2174"
"2020-04-19 16:30:00.000","3179"
"2020-04-19 17:30:00.000","3743"
"2020-04-19 18:30:00.000","3651"
"2020-04-19 19:30:00.000","4102"
"2020-04-19 20:30:00.000","2481"
"2020-04-19 21:30:00.000","2820"
"2020-04-19 22:30:00.000","2763"
"2020-04-19 23:30:00.000","1997"
"2020-04-20 00:00:00.000","1997"
"2020-04-20 00:30:00.000","562"
"2020-04-20 01:30:00.000","522"
"2020-04-20 02:30:00.000","242"
"2020-04-20 03:30:00.000","111"
"2020-04-20 04:30:00.000","223"
"2020-04-20 05:30:00.000","896"
"2020-04-20 06:30:00.000","2009"
"2020-04-20 07:30:00.000","7143"
"2020-04-20 08:30:00.000","19005"
"2020-04-20 09:30:00.000","29442"
"2020-04-20 10:30:00.000","41655"
"2020-04-20 11:30:00.000","42840"
"2020-04-20 12:30:00.000","35076"
"2020-04-20 13:30:00.000","26742"
"2020-04-20 14:30:00.000","28704"
"2020-04-20 15:30:00.000","31762"
"2020-04-20 16:30:00.000","30774"
"2020-04-20 17:30:00.000","21848"
"2020-04-20 18:30:00.000","19244"
"2020-04-20 19:30:00.000","15446"
"2020-04-20 20:30:00.000","9785"
"2020-04-20 21:30:00.000","7902"
"2020-04-20 22:30:00.000","4451"
"2020-04-20 23:30:00.000","3182"
"2020-04-21 00:30:00.000","1982"
"2020-04-21 01:30:00.000","782"
"2020-04-21 02:30:00.000","303"
"2020-04-21 03:30:00.000","239"
"2020-04-21 04:30:00.000","364"
"2020-04-21 05:30:00.000","1129"
"2020-04-21 06:30:00.000","1552"
"2020-04-21 07:30:00.000","4262"
"2020-04-21 08:30:00.000","9975"
"2020-04-21 09:30:00.000","21019"
"2020-04-21 10:30:00.000","34057"
"2020-04-21 11:30:00.000","31466"
"2020-04-21 12:30:00.000","25929"
"2020-04-21 13:30:00.000","24414"
"2020-04-21 14:30:00.000","29857"
"2020-04-21 15:30:00.000","27540"
"2020-04-21 16:30:00.000","27359"
"2020-04-21 17:30:00.000","22403"
"2020-04-21 18:30:00.000","21501"
"2020-04-21 19:30:00.000","16714"
"2020-04-21 20:30:00.000","9770"
"2020-04-21 21:30:00.000","8186"
"2020-04-21 22:30:00.000","4576"
"2020-04-21 23:30:00.000","2410"
"2020-04-22 00:30:00.000","1209"
"2020-04-22 01:30:00.000","1659"
"2020-04-22 02:30:00.000","1048"
"2020-04-22 03:30:00.000","1445"
"2020-04-22 04:30:00.000","389"
"2020-04-22 05:30:00.000","800"
"2020-04-22 06:30:00.000","1425"
"2020-04-22 07:30:00.000","3745"
"2020-04-22 08:30:00.000","9997"
"2020-04-22 09:30:00.000","21201"
"2020-04-22 10:30:00.000","30342"
"2020-04-22 11:30:00.000","36447"
"2020-04-22 12:30:00.000","26911"
"2020-04-22 13:30:00.000","25200"
"2020-04-22 14:30:00.000","23914"
"2020-04-22 15:30:00.000","23021"
"2020-04-22 16:30:00.000","22539"
"2020-04-22 17:30:00.000","20184"
"2020-04-22 18:30:00.000","19035"
"2020-04-22 19:30:00.000","14490"
"2020-04-22 20:30:00.000","8760"
"2020-04-22 21:30:00.000","7477"
"2020-04-22 22:30:00.000","6031"
"2020-04-22 23:30:00.000","3599"
"2020-04-23 00:30:00.000","2527"
"2020-04-23 01:30:00.000","902"
"2020-04-23 02:30:00.000","384"
"2020-04-23 03:30:00.000","256"
"2020-04-23 04:30:00.000","242"
"2020-04-23 05:30:00.000","704"
"2020-04-23 06:30:00.000","1363"
"2020-04-23 07:30:00.000","3156"
"2020-04-23 08:30:00.000","8937"
"2020-04-23 09:30:00.000","18816"
"2020-04-23 10:30:00.000","23304"
"2020-04-23 11:30:00.000","26077"
"2020-04-23 12:30:00.000","22487"
"2020-04-23 13:30:00.000","20974"
"2020-04-23 14:30:00.000","23598"
"2020-04-23 15:30:00.000","22785"
"2020-04-23 16:30:00.000","21789"
"2020-04-23 17:30:00.000","18639"
"2020-04-23 18:30:00.000","16040"
"2020-04-23 19:30:00.000","10592"
"2020-04-23 20:30:00.000","8435"
"2020-04-23 21:30:00.000","7964"
"2020-04-23 22:30:00.000","3349"
"2020-04-23 23:30:00.000","2318"
"2020-04-24 00:30:00.000","1652"
"2020-04-24 01:30:00.000","1186"
"2020-04-24 02:30:00.000","303"
"2020-04-24 03:30:00.000","450"
"2020-04-24 04:30:00.000","486"
"2020-04-24 05:30:00.000","1079"
"2020-04-24 06:30:00.000","1178"
"2020-04-24 07:30:00.000","3719"
"2020-04-24 08:30:00.000","10252"
"2020-04-24 09:30:00.000","20264"
"2020-04-24 10:30:00.000","33422"
"2020-04-24 11:30:00.000","35111"
"2020-04-24 12:30:00.000","28343"
"2020-04-24 13:30:00.000","25646"
"2020-04-24 14:30:00.000","28347"
"2020-04-24 15:30:00.000","27772"
"2020-04-24 16:30:00.000","24276"
"2020-04-24 17:30:00.000","21433"
"2020-04-24 18:30:00.000","19789"
"2020-04-24 19:30:00.000","13493"
"2020-04-24 20:30:00.000","7981"
"2020-04-24 21:30:00.000","6469"
"2020-04-24 22:30:00.000","3631"
"2020-04-24 23:30:00.000","3187"
"2020-04-25 00:30:00.000","2500"
"2020-04-25 01:30:00.000","1898"
"2020-04-25 02:30:00.000","1335"
"2020-04-25 03:30:00.000","248"
"2020-04-25 04:30:00.000","210"
"2020-04-25 05:30:00.000","291"
"2020-04-25 06:30:00.000","591"
"2020-04-25 07:30:00.000","642"
"2020-04-25 08:30:00.000","1100"
"2020-04-25 09:30:00.000","2215"
"2020-04-25 10:30:00.000","3182"
"2020-04-25 11:30:00.000","3815"
"2020-04-25 12:30:00.000","3894"
"2020-04-25 13:30:00.000","2905"
"2020-04-25 14:30:00.000","2940"
"2020-04-25 15:30:00.000","2776"
"2020-04-25 16:30:00.000","1290"
"2020-04-25 17:30:00.000","1478"
"2020-04-25 18:30:00.000","2554"
"2020-04-25 19:30:00.000","2815"
"2020-04-25 20:30:00.000","2539"
"2020-04-25 21:30:00.000","2335"
"2020-04-25 22:30:00.000","1675"
"2020-04-25 23:30:00.000","1740"
"2020-04-26 00:30:00.000","1203"
"2020-04-26 01:30:00.000","973"
"2020-04-26 02:30:00.000","849"
"2020-04-26 03:30:00.000","114"
"2020-04-26 04:30:00.000","127"
"2020-04-26 05:30:00.000","242"
"2020-04-26 06:30:00.000","314"
"2020-04-26 07:30:00.000","476"
"2020-04-26 08:30:00.000","620"
"2020-04-26 09:30:00.000","998"
"2020-04-26 10:30:00.000","1702"
"2020-04-26 11:30:00.000","2276"
"2020-04-26 12:30:00.000","2181"
"2020-04-26 13:30:00.000","2382"
"2020-04-26 14:30:00.000","2697"
"2020-04-26 15:30:00.000","3054"
"2020-04-26 16:30:00.000","3275"
"2020-04-26 17:30:00.000","2617"
"2020-04-26 18:30:00.000","3277"
"2020-04-26 19:30:00.000","2997"
"2020-04-26 20:30:00.000","3185"
"2020-04-26 21:30:00.000","3504"
"2020-04-26 22:30:00.000","2480"
"2020-04-26 23:30:00.000","1988"
"2020-04-27 00:00:00.000","1988"
"2020-04-27 00:30:00.000","980"
"2020-04-27 01:30:00.000","227"
"2020-04-27 02:30:00.000","225"
"2020-04-27 03:30:00.000","218"
"2020-04-27 04:30:00.000","379"
"2020-04-27 05:30:00.000","475"
"2020-04-27 06:30:00.000","1505"
"2020-04-27 07:30:00.000","4726"
"2020-04-27 08:30:00.000","14595"
"2020-04-27 09:30:00.000","27457"
"2020-04-27 10:30:00.000","32127"
"2020-04-27 11:30:00.000","32776"
"2020-04-27 12:30:00.000","28466"
"2020-04-27 13:30:00.000","23527"
"2020-04-27 14:30:00.000","23194"
"2020-04-27 15:30:00.000","24326"
"2020-04-27 16:30:00.000","26137"
"2020-04-27 17:30:00.000","22113"
"2020-04-27 18:30:00.000","19614"
"2020-04-27 19:30:00.000","13085"
"2020-04-27 20:30:00.000","9686"
"2020-04-27 21:30:00.000","7102"
"2020-04-27 22:30:00.000","5873"
"2020-04-27 23:30:00.000","4857"
"2020-04-28 00:30:00.000","3441"
"2020-04-28 01:30:00.000","2596"
"2020-04-28 02:30:00.000","2153"
"2020-04-28 03:30:00.000","930"
"2020-04-28 04:30:00.000","2386"
"2020-04-28 05:30:00.000","3793"
"2020-04-28 06:30:00.000","3765"
"2020-04-28 07:30:00.000","5267"
"2020-04-28 08:30:00.000","12011"
"2020-04-28 09:30:00.000","11228"
"2020-04-28 10:30:00.000","23754"
"2020-04-28 11:30:00.000","39994"
"2020-04-28 12:30:00.000","30240"
"2020-04-28 13:30:00.000","23903"
"2020-04-28 14:30:00.000","25719"
"2020-04-28 15:30:00.000","22023"
"2020-04-28 16:30:00.000","20776"
"2020-04-28 17:30:00.000","16937"
"2020-04-28 18:30:00.000","12088"
"2020-04-28 19:30:00.000","10394"
"2020-04-28 20:30:00.000","7969"
"2020-04-28 21:30:00.000","8738"
"2020-04-28 22:30:00.000","7083"
"2020-04-28 23:30:00.000","5831"
"2020-04-29 00:30:00.000","3163"
"2020-04-29 01:30:00.000","2546"
"2020-04-29 02:30:00.000","1749"
"2020-04-29 03:30:00.000","477"
"2020-04-29 04:30:00.000","362"
"2020-04-29 05:30:00.000","484"
"2020-04-29 06:30:00.000","896"
"2020-04-29 07:30:00.000","3058"
"2020-04-29 08:30:00.000","7998"
"2020-04-29 09:30:00.000","18769"
"2020-04-29 10:30:00.000","34983"
"2020-04-29 11:30:00.000","24228"
"2020-04-29 12:30:00.000","21972"
"2020-04-29 13:30:00.000","20974"
"2020-04-29 14:30:00.000","24370"
"2020-04-29 15:30:00.000","24019"
"2020-04-29 16:30:00.000","19333"
"2020-04-29 17:30:00.000","13699"
"2020-04-29 18:30:00.000","10905"
"2020-04-29 19:30:00.000","7867"
"2020-04-29 20:30:00.000","4590"
"2020-04-29 21:30:00.000","3679"
"2020-04-29 22:30:00.000","2423"
"2020-04-29 23:30:00.000","1591"
"2020-04-30 00:30:00.000","751"
"2020-04-30 01:30:00.000","324"
"2020-04-30 02:30:00.000","316"
"2020-04-30 03:30:00.000","189"
"2020-04-30 04:30:00.000","301"
"2020-04-30 05:30:00.000","685"
"2020-04-30 06:30:00.000","840"
"2020-04-30 07:30:00.000","2154"
"2020-04-30 08:30:00.000","3983"
"2020-04-30 09:30:00.000","7883"
"2020-04-30 10:30:00.000","8940"
"2020-04-30 11:30:00.000","10085"
"2020-04-30 12:30:00.000","7513"
"2020-04-30 13:30:00.000","8356"
"2020-04-30 14:30:00.000","8776"
"2020-04-30 15:30:00.000","9336"
"2020-04-30 16:30:00.000","8108"
"2020-04-30 17:30:00.000","5957"
"2020-04-30 18:30:00.000","6380"
"2020-04-30 19:30:00.000","4686"
"2020-04-30 20:30:00.000","3905"
"2020-04-30 21:30:00.000","2951"
"2020-04-30 22:30:00.000","2092"
"2020-04-30 23:30:00.000","2310"
"2020-05-01 00:30:00.000","1056"
"2020-05-01 01:30:00.000","806"
"2020-05-01 02:30:00.000","344"
"2020-05-01 03:30:00.000","400"
"2020-05-01 04:30:00.000","565"
"2020-05-01 05:30:00.000","649"
"2020-05-01 06:30:00.000","1500"
"2020-05-01 07:30:00.000","1361"
"2020-05-01 08:30:00.000","2302"
"2020-05-01 09:30:00.000","3933"
"2020-05-01 10:30:00.000","5355"
"2020-05-01 11:30:00.000","7037"
"2020-05-01 12:30:00.000","5230"
"2020-05-01 13:30:00.000","4868"
"2020-05-01 14:30:00.000","5012"
"2020-05-01 15:30:00.000","4456"
"2020-05-01 16:30:00.000","5216"
"2020-05-01 17:30:00.000","4388"
"2020-05-01 18:30:00.000","4737"
"2020-05-01 19:30:00.000","3952"
"2020-05-01 20:30:00.000","3377"
"2020-05-01 21:30:00.000","2321"
"2020-05-01 22:30:00.000","2417"
"2020-05-01 23:30:00.000","1014"
"2020-05-02 00:30:00.000","389"
"2020-05-02 01:30:00.000","339"
"2020-05-02 02:30:00.000","617"
"2020-05-02 03:30:00.000","213"
"2020-05-02 04:30:00.000","321"
"2020-05-02 05:30:00.000","716"
"2020-05-02 06:30:00.000","897"
"2020-05-02 07:30:00.000","866"
"2020-05-02 08:30:00.000","1518"
"2020-05-02 09:30:00.000","2133"
"2020-05-02 10:30:00.000","3250"
"2020-05-02 11:30:00.000","2565"
"2020-05-02 12:30:00.000","2798"
"2020-05-02 13:30:00.000","2085"
"2020-05-02 14:30:00.000","2250"
"2020-05-02 15:30:00.000","1609"
"2020-05-02 16:30:00.000","1703"
"2020-05-02 17:30:00.000","1581"
"2020-05-02 18:30:00.000","1814"
"2020-05-02 19:30:00.000","1854"
"2020-05-02 20:30:00.000","1729"
"2020-05-02 21:30:00.000","1200"
"2020-05-02 22:30:00.000","979"
"2020-05-02 23:30:00.000","531"
"2020-05-03 00:30:00.000","453"
"2020-05-03 01:30:00.000","353"
"2020-05-03 02:30:00.000","230"
"2020-05-03 03:30:00.000","169"
"2020-05-03 04:30:00.000","194"
"2020-05-03 05:30:00.000","444"
"2020-05-03 06:30:00.000","380"
"2020-05-03 07:30:00.000","742"
"2020-05-03 08:30:00.000","909"
"2020-05-03 09:30:00.000","1515"
"2020-05-03 10:30:00.000","1976"
"2020-05-03 11:30:00.000","1780"
"2020-05-03 12:30:00.000","1790"
"2020-05-03 13:30:00.000","1723"
"2020-05-03 14:30:00.000","2160"
"2020-05-03 15:30:00.000","2306"
"2020-05-03 16:30:00.000","2194"
"2020-05-03 17:30:00.000","2157"
"2020-05-03 18:30:00.000","3523"
"2020-05-03 19:30:00.000","2903"
"2020-05-03 20:30:00.000","2398"
"2020-05-03 21:30:00.000","1880"
"2020-05-03 22:30:00.000","2371"
"2020-05-03 23:30:00.000","899"
"2020-05-04 00:00:00.000","899"
"2020-05-04 00:30:00.000","569"
"2020-05-04 01:30:00.000","359"
"2020-05-04 02:30:00.000","275"
"2020-05-04 03:30:00.000","383"
"2020-05-04 04:30:00.000","253"
"2020-05-04 05:30:00.000","769"
"2020-05-04 06:30:00.000","2752"
"2020-05-04 07:30:00.000","6809"
"2020-05-04 08:30:00.000","18968"
"2020-05-04 09:30:00.000","33301"
"2020-05-04 10:30:00.000","36349"
"2020-05-04 11:30:00.000","37331"
"2020-05-04 12:30:00.000","29960"
"2020-05-04 13:30:00.000","30958"
"2020-05-04 14:30:00.000","28448"
"2020-05-04 15:30:00.000","24026"
"2020-05-04 16:30:00.000","23584"
"2020-05-04 17:30:00.000","19575"
"2020-05-04 18:30:00.000","14817"
"2020-05-04 19:30:00.000","13000"
"2020-05-04 20:30:00.000","8597"
"2020-05-04 21:30:00.000","6972"
"2020-05-04 22:30:00.000","5231"
"2020-05-04 23:30:00.000","3338"
"2020-05-05 00:30:00.000","1845"
"2020-05-05 01:30:00.000","1014"
"2020-05-05 02:30:00.000","337"
"2020-05-05 03:30:00.000","686"
"2020-05-05 04:30:00.000","689"
"2020-05-05 05:30:00.000","1607"
"2020-05-05 06:30:00.000","2114"
"2020-05-05 07:30:00.000","4343"
"2020-05-05 08:30:00.000","12237"
"2020-05-05 09:30:00.000","21507"
"2020-05-05 10:30:00.000","27903"
"2020-05-05 11:30:00.000","27699"
"2020-05-05 12:30:00.000","22692"
"2020-05-05 13:30:00.000","21560"
"2020-05-05 14:30:00.000","20807"
"2020-05-05 15:30:00.000","32281"
"2020-05-05 16:30:00.000","23167"
"2020-05-05 17:30:00.000","17287"
"2020-05-05 18:30:00.000","14200"
"2020-05-05 19:30:00.000","11024"
"2020-05-05 20:30:00.000","9298"
"2020-05-05 21:30:00.000","6830"
"2020-05-05 22:30:00.000","5197"
"2020-05-05 23:30:00.000","3803"
"2020-05-06 00:30:00.000","2292"
"2020-05-06 01:30:00.000","2123"
"2020-05-06 02:30:00.000","1660"
"2020-05-06 03:30:00.000","784"
"2020-05-06 04:30:00.000","783"
"2020-05-06 05:30:00.000","1196"
"2020-05-06 06:30:00.000","2437"
"2020-05-06 07:30:00.000","4668"
"2020-05-06 08:30:00.000","11199"
"2020-05-06 09:30:00.000","17593"
"2020-05-06 10:30:00.000","26401"
"2020-05-06 11:30:00.000","24944"
"2020-05-06 12:30:00.000","18983"
"2020-05-06 13:30:00.000","18283"
"2020-05-06 14:30:00.000","19264"
"2020-05-06 15:30:00.000","17868"
"2020-05-06 16:30:00.000","15659"
"2020-05-06 17:30:00.000","14198"
"2020-05-06 18:30:00.000","12178"
"2020-05-06 19:30:00.000","9634"
"2020-05-06 20:30:00.000","7384"
"2020-05-06 21:30:00.000","4751"
"2020-05-06 22:30:00.000","3966"
"2020-05-06 23:30:00.000","2281"
"2020-05-07 00:30:00.000","1449"
"2020-05-07 01:30:00.000","1019"
"2020-05-07 02:30:00.000","764"
"2020-05-07 03:30:00.000","624"
"2020-05-07 04:30:00.000","636"
"2020-05-07 05:30:00.000","735"
"2020-05-07 06:30:00.000","1448"
"2020-05-07 07:30:00.000","2804"
"2020-05-07 08:30:00.000","8297"
"2020-05-07 09:30:00.000","17362"
"2020-05-07 10:30:00.000","23331"
"2020-05-07 11:30:00.000","23644"
"2020-05-07 12:30:00.000","32439"
"2020-05-07 13:30:00.000","24427"
"2020-05-07 14:30:00.000","19557"
"2020-05-07 15:30:00.000","17684"
"2020-05-07 16:30:00.000","15894"
"2020-05-07 17:30:00.000","13989"
"2020-05-07 18:30:00.000","13305"
"2020-05-07 19:30:00.000","11422"
"2020-05-07 20:30:00.000","7865"
"2020-05-07 21:30:00.000","5822"
"2020-05-07 22:30:00.000","3763"
"2020-05-07 23:30:00.000","2064"
"2020-05-08 00:30:00.000","1455"
"2020-05-08 01:30:00.000","938"
"2020-05-08 02:30:00.000","455"
"2020-05-08 03:30:00.000","366"
"2020-05-08 04:30:00.000","450"
"2020-05-08 05:30:00.000","997"
"2020-05-08 06:30:00.000","1795"
"2020-05-08 07:30:00.000","4325"
"2020-05-08 08:30:00.000","12011"
"2020-05-08 09:30:00.000","20621"
"2020-05-08 10:30:00.000","25855"
"2020-05-08 11:30:00.000","34367"
"2020-05-08 12:30:00.000","33937"
"2020-05-08 13:30:00.000","33054"
"2020-05-08 14:30:00.000","24089"
"2020-05-08 15:30:00.000","20739"
"2020-05-08 16:30:00.000","21059"
"2020-05-08 17:30:00.000","11484"
"2020-05-08 18:30:00.000","11418"
"2020-05-08 19:30:00.000","13552"
"2020-05-08 20:30:00.000","8317"
"2020-05-08 21:30:00.000","5866"
"2020-05-08 22:30:00.000","4960"
"2020-05-08 23:30:00.000","2864"
"2020-05-09 00:30:00.000","1284"
"2020-05-09 01:30:00.000","951"
"2020-05-09 02:30:00.000","425"
"2020-05-09 03:30:00.000","551"
"2020-05-09 04:30:00.000","614"
"2020-05-09 05:30:00.000","500"
"2020-05-09 06:30:00.000","780"
"2020-05-09 07:30:00.000","981"
"2020-05-09 08:30:00.000","1735"
"2020-05-09 09:30:00.000","2539"
"2020-05-09 10:30:00.000","2733"
"2020-05-09 11:30:00.000","2818"
"2020-05-09 12:30:00.000","2234"
"2020-05-09 13:30:00.000","2242"
"2020-05-09 14:30:00.000","2157"
"2020-05-09 15:30:00.000","3176"
"2020-05-09 16:30:00.000","2455"
"2020-05-09 17:30:00.000","1809"
"2020-05-09 18:30:00.000","2067"
"2020-05-09 19:30:00.000","2920"
"2020-05-09 20:30:00.000","1941"
"2020-05-09 21:30:00.000","1637"
"2020-05-09 22:30:00.000","1164"
"2020-05-09 23:30:00.000","634"
"2020-05-10 00:30:00.000","444"
"2020-05-10 01:30:00.000","257"
"2020-05-10 02:30:00.000","217"
"2020-05-10 03:30:00.000","189"
"2020-05-10 04:30:00.000","269"
"2020-05-10 05:30:00.000","376"
"2020-05-10 06:30:00.000","537"
"2020-05-10 07:30:00.000","682"
"2020-05-10 08:30:00.000","935"
"2020-05-10 09:30:00.000","1533"
"2020-05-10 10:30:00.000","2135"
"2020-05-10 11:30:00.000","2618"
"2020-05-10 12:30:00.000","2148"
"2020-05-10 13:30:00.000","2524"
"2020-05-10 14:30:00.000","1940"
"2020-05-10 15:30:00.000","2219"
"2020-05-10 16:30:00.000","2524"
"2020-05-10 17:30:00.000","2834"
"2020-05-10 18:30:00.000","3371"
"2020-05-10 19:30:00.000","3596"
"2020-05-10 20:30:00.000","3851"
"2020-05-10 21:30:00.000","3075"
"2020-05-10 22:30:00.000","2491"
"2020-05-10 23:30:00.000","2614"
"2020-05-11 00:00:00.000","2614"
"2020-05-11 00:30:00.000","1729"
"2020-05-11 01:30:00.000","510"
"2020-05-11 02:30:00.000","313"
"2020-05-11 03:30:00.000","155"
"2020-05-11 04:30:00.000","364"
"2020-05-11 05:30:00.000","1349"
"2020-05-11 06:30:00.000","2629"
"2020-05-11 07:30:00.000","7565"
"2020-05-11 08:30:00.000","17564"
"2020-05-11 09:30:00.000","29046"
"2020-05-11 10:30:00.000","36527"
"2020-05-11 11:30:00.000","29914"
"2020-05-11 12:30:00.000","22122"
"2020-05-11 13:30:00.000","19652"
"2020-05-11 14:30:00.000","19424"
"2020-05-11 15:30:00.000","18401"
"2020-05-11 16:30:00.000","18932"
"2020-05-11 17:30:00.000","15147"
"2020-05-11 18:30:00.000","18951"
"2020-05-11 19:30:00.000","13853"
"2020-05-11 20:30:00.000","8070"
"2020-05-11 21:30:00.000","6687"
"2020-05-11 22:30:00.000","4184"
"2020-05-11 23:30:00.000","2254"
"2020-05-12 00:30:00.000","1233"
"2020-05-12 01:30:00.000","1130"
"2020-05-12 02:30:00.000","359"
"2020-05-12 03:30:00.000","483"
"2020-05-12 04:30:00.000","653"
"2020-05-12 05:30:00.000","882"
"2020-05-12 06:30:00.000","2047"
"2020-05-12 07:30:00.000","3180"
"2020-05-12 08:30:00.000","9458"
"2020-05-12 09:30:00.000","17140"
"2020-05-12 10:30:00.000","35484"
"2020-05-12 11:30:00.000","38140"
"2020-05-12 12:30:00.000","28472"
"2020-05-12 13:30:00.000","23017"
"2020-05-12 14:30:00.000","22915"
"2020-05-12 15:30:00.000","22231"
"2020-05-12 16:30:00.000","20168"
"2020-05-12 17:30:00.000","17173"
"2020-05-12 18:30:00.000","15095"
"2020-05-12 19:30:00.000","9786"
"2020-05-12 20:30:00.000","7701"
"2020-05-12 21:30:00.000","6785"
"2020-05-12 22:30:00.000","3913"
"2020-05-12 23:30:00.000","2939"
"2020-05-13 00:30:00.000","1471"
"2020-05-13 01:30:00.000","707"
"2020-05-13 02:30:00.000","612"
"2020-05-13 03:30:00.000","284"
"2020-05-13 04:30:00.000","556"
"2020-05-13 05:30:00.000","1152"
"2020-05-13 06:30:00.000","1815"
"2020-05-13 07:30:00.000","4389"
"2020-05-13 08:30:00.000","10102"
"2020-05-13 09:30:00.000","22432"
"2020-05-13 10:30:00.000","32761"
"2020-05-13 11:30:00.000","32609"
"2020-05-13 12:30:00.000","29944"
"2020-05-13 13:30:00.000","25977"
"2020-05-13 14:30:00.000","21491"
"2020-05-13 15:30:00.000","20539"
"2020-05-13 16:30:00.000","24503"
"2020-05-13 17:30:00.000","17840"
"2020-05-13 18:30:00.000","16713"
"2020-05-13 19:30:00.000","11300"
"2020-05-13 20:30:00.000","6393"
"2020-05-13 21:30:00.000","3775"
"2020-05-13 22:30:00.000","5005"
"2020-05-13 23:30:00.000","3180"
"2020-05-14 00:30:00.000","1031"
"2020-05-14 01:30:00.000","872"
"2020-05-14 02:30:00.000","641"
"2020-05-14 03:30:00.000","347"
"2020-05-14 04:30:00.000","263"
"2020-05-14 05:30:00.000","1519"
"2020-05-14 06:30:00.000","1343"
"2020-05-14 07:30:00.000","4205"
"2020-05-14 08:30:00.000","10365"
"2020-05-14 09:30:00.000","17819"
"2020-05-14 10:30:00.000","27298"
"2020-05-14 11:30:00.000","28364"
"2020-05-14 12:30:00.000","26193"
"2020-05-14 13:30:00.000","22970"
"2020-05-14 14:30:00.000","26516"
"2020-05-14 15:30:00.000","21999"
"2020-05-14 16:30:00.000","17851"
"2020-05-14 17:30:00.000","14638"
"2020-05-14 18:30:00.000","13746"
"2020-05-14 19:30:00.000","11532"
"2020-05-14 20:30:00.000","8966"
"2020-05-14 21:30:00.000","5731"
"2020-05-14 22:30:00.000","4105"
"2020-05-14 23:30:00.000","2458"
"2020-05-15 00:30:00.000","1364"
"2020-05-15 01:30:00.000","848"
"2020-05-15 02:30:00.000","762"
"2020-05-15 03:30:00.000","412"
"2020-05-15 04:30:00.000","515"
"2020-05-15 05:30:00.000","784"
"2020-05-15 06:30:00.000","1333"
"2020-05-15 07:30:00.000","4054"
"2020-05-15 08:30:00.000","9568"
"2020-05-15 09:30:00.000","20164"
"2020-05-15 10:30:00.000","29001"
"2020-05-15 11:30:00.000","35623"
"2020-05-15 12:30:00.000","28141"
"2020-05-15 13:30:00.000","24684"
"2020-05-15 14:30:00.000","25665"
"2020-05-15 15:30:00.000","25510"
"2020-05-15 16:30:00.000","22843"
"2020-05-15 17:30:00.000","23644"
"2020-05-15 18:30:00.000","17351"
"2020-05-15 19:30:00.000","14966"
"2020-05-15 20:30:00.000","8988"
"2020-05-15 21:30:00.000","5354"
"2020-05-15 22:30:00.000","4387"
"2020-05-15 23:30:00.000","2414"
"2020-05-16 00:30:00.000","1361"
"2020-05-16 01:30:00.000","845"
"2020-05-16 02:30:00.000","1066"
"2020-05-16 03:30:00.000","263"
"2020-05-16 04:30:00.000","342"
"2020-05-16 05:30:00.000","381"
"2020-05-16 06:30:00.000","596"
"2020-05-16 07:30:00.000","778"
"2020-05-16 08:30:00.000","904"
"2020-05-16 09:30:00.000","1618"
"2020-05-16 10:30:00.000","2142"
"2020-05-16 11:30:00.000","2167"
"2020-05-16 12:30:00.000","1377"
"2020-05-16 13:30:00.000","2225"
"2020-05-16 14:30:00.000","1689"
"2020-05-16 15:30:00.000","1364"
"2020-05-16 16:30:00.000","1146"
"2020-05-16 17:30:00.000","1264"
"2020-05-16 18:30:00.000","1549"
"2020-05-16 19:30:00.000","1598"
"2020-05-16 20:30:00.000","1157"
"2020-05-16 21:30:00.000","887"
"2020-05-16 22:30:00.000","1165"
"2020-05-16 23:30:00.000","699"
"2020-05-17 00:30:00.000","389"
"2020-05-17 01:30:00.000","182"
"2020-05-17 02:30:00.000","115"
"2020-05-17 03:30:00.000","56"
"2020-05-17 04:30:00.000","79"
"2020-05-17 05:30:00.000","271"
"2020-05-17 06:30:00.000","361"
"2020-05-17 07:30:00.000","872"
"2020-05-17 08:30:00.000","521"
"2020-05-17 09:30:00.000","1003"
"2020-05-17 10:30:00.000","1442"
"2020-05-17 11:30:00.000","1334"
"2020-05-17 12:30:00.000","632"
